CNPJ;RAZAO_SOCIAL;NOME_FANTASIA;CAPITAL_SOCIAL;CAPITAL_FORMATADO;SITUACAO;CNAE;CNAE_DESCRICAO;UF;MUNICIPIO
"14388334000199";"PARANA BANCO S/A";"PARANA BANCO";1000000000;"R$ 1.000,0M";"ATIVA";"6422100";"Bancos múltiplos, com carteira comercial";"PR";"CURITIBA"
"04986320000113";"SER EDUCACIONAL S.A.";"UNINASSAU RECIFE - GRACAS";1000000000;"R$ 1.000,0M";"ATIVA";"8532500";"Educação superior - graduação e pós-graduação";"PE";"RECIFE"
"33147315000115";"BANCO BRADESCO BERJ S.A.";"BERJ";994572800;"R$ 994,6M";"ATIVA";"6422100";"Bancos múltiplos, com carteira comercial";"SP";"OSASCO"
"19208022000170";"ECO050 - CONCESSIONARIA DE RODOVIAS S.A.";"ECOVIAS MINAS GOIAS";993308300;"R$ 993,3M";"ATIVA";"5221400";"Concessionárias de rodovias, pontes, túneis e serviços relacionados";"MG";"UBERLANDIA"
"36763716000198";"CONCESSIONARIA CATARINENSE DE RODOVIAS S.A.";"CATARINENSE HOLDING";991032000;"R$ 991,0M";"ATIVA";"5221400";"Concessionárias de rodovias, pontes, túneis e serviços relacionados";"SC";"CAPIVARI DE BAIXO"
"39580673000101";"BRK AMBIENTAL - REGIAO METROPOLITANA DE MACEIO S.A.";"BRK AMBIENTAL";987825800;"R$ 987,8M";"ATIVA";"3600601";"Captação, tratamento e distribuição de água";"AL";"MACEIO"
"62307848000115";"BANCO RCI BRASIL S.A";"";985225340;"R$ 985,2M";"ATIVA";"6431000";"Bancos múltiplos, sem carteira comercial";"PR";"CURITIBA"
"43180355000112";"PEFISA SA CREDITO FINANCIAMENTO E INVESTIMENTO";"";981000000;"R$ 981,0M";"ATIVA";"6436100";"Sociedades de crédito, financiamento e investimento - financeiras";"SP";"SAO PAULO"
"09336431000106";"AUTOPISTA REGIS BITTENCOURT S/A";"";978785400;"R$ 978,8M";"ATIVA";"5221400";"Concessionárias de rodovias, pontes, túneis e serviços relacionados";"SP";"REGISTRO"
"12181987000177";"MELNICK DESENVOLVIMENTO IMOBILIARIO S.A.";"";959029250;"R$ 959,0M";"ATIVA";"4120400";"Construção de edifícios";"RS";"PORTO ALEGRE"
"04752991000110";"BIOMM S/A";"";957653570;"R$ 957,7M";"ATIVA";"2121101";"Fabricação de medicamentos alopáticos para uso humano";"MG";"NOVA LIMA"
"84684455000163";"TIGRE S.A. PARTICIPACOES";"";956065540;"R$ 956,1M";"ATIVA";"6463800";"Outras sociedades de participação, exceto holdings";"SC";"JOINVILLE"
"23438929000100";"ALARES INTERNET PARTICIPACOES S A";"ALARES";953131260;"R$ 953,1M";"ATIVA";"6462000";"Holdings de instituições não-financeiras";"SP";"SAO PAULO"
"17184037000110";"BANCO MERCANTIL DO BRASIL SA";"BANCO MERCANTIL";952710400;"R$ 952,7M";"ATIVA";"6422100";"Bancos múltiplos, com carteira comercial";"MG";"BELO HORIZONTE"
"40159947000164";"HMOBI PARTICIPACOES S.A.";"";950578200;"R$ 950,6M";"ATIVA";"6462000";"Holdings de instituições não-financeiras";"RJ";"RIO DE JANEIRO"
"59981829000165";"RODOBENS S.A.";"";945595650;"R$ 945,6M";"ATIVA";"6462000";"Holdings de instituições não-financeiras";"SP";"SAO JOSE DO RIO PRETO"
"49669856000143";"VESTE S.A. ESTILO";"";935140500;"R$ 935,1M";"ATIVA";"4781400";"Comércio varejista de artigos do vestuário e acessórios";"SP";"SAO PAULO"
"51928174000150";"PLASCAR PARTICIPACOES INDUSTRIAIS S/A";"PLASCAR S/A";931454900;"R$ 931,5M";"ATIVA";"6462000";"Holdings de instituições não-financeiras";"SP";"JUNDIAI"
"09146451000106";"KALLAS INCORPORACOES E CONSTRUCOES S.A.";"";917825300;"R$ 917,8M";"ATIVA";"4110700";"Incorporação de empreendimentos imobiliários";"SP";"SAO PAULO"
"09584854000137";"MANAUS TRANSMISSORA DE ENERGIA S.A";"";915333100;"R$ 915,3M";"ATIVA";"3512300";"Transmissão de energia elétrica";"RJ";"RIO DE JANEIRO"
"12528708000107";"AERIS INDUSTRIA E COMERCIO DE EQUIPAMENTOS PARA GERACAO DE ENERGIA S.A";"";911975000;"R$ 912,0M";"ATIVA";"2710401";"Fabricação de geradores de corrente contínua e alternada, peças e acessórios";"CE";"CAUCAIA"
"71476527000135";"CONSTRUTORA TENDA S/A";"";910728800;"R$ 910,7M";"ATIVA";"4120400";"Construção de edifícios";"SP";"SAO PAULO"
"29884545000190";"ECORIOMINAS CONCESSIONARIA DE RODOVIAS S.A.";"ECOVIAS RIO MINAS";903706400;"R$ 903,7M";"ATIVA";"5221400";"Concessionárias de rodovias, pontes, túneis e serviços relacionados";"RJ";"NITEROI"
"71208516000174";"ALGAR TELECOM S/A";"ALGAR";901831200;"R$ 901,8M";"ATIVA";"6110801";"Serviços de telefonia fixa comutada - STFC";"MG";"UBERLANDIA"
"08822767000108";"CONCESSIONARIA DA RODOVIA MG-050 S/A";"CONCESSIONARIA NASCENTES DAS GERAIS";901446600;"R$ 901,4M";"ATIVA";"5221400";"Concessionárias de rodovias, pontes, túneis e serviços relacionados";"MG";"DIVINOPOLIS"
"71027866000134";"BANCO BS2 S.A.";"";896982500;"R$ 897,0M";"ATIVA";"6422100";"Bancos múltiplos, com carteira comercial";"MG";"BELO HORIZONTE"
"11992680000193";"QUALICORP CONSULTORIA E CORRETORA DE SEGUROS S.A.";"";896557600;"R$ 896,6M";"ATIVA";"6622300";"Corretores e agentes de seguros, de planos de previdência complementar e de saúde";"SP";"SAO PAULO"
"51430503000138";"PORTO SERVICO S.A.";"";894278600;"R$ 894,3M";"ATIVA";"8299799";"Outras atividades de serviços prestados principalmente às empresas não especificadas anteriormente";"SP";"BARUERI"
"28152650000171";"EDP ESPIRITO SANTO DISTRIBUICAO DE ENERGIA S.A.";"EDP ESPIRITO SANTO";893995800;"R$ 894,0M";"ATIVA";"3514000";"Distribuição de energia elétrica";"ES";"VITORIA"
"18903785000178";"HOLDING DO ARAGUAIA S.A.";"HOLDING DO ARAGUAIA S.A.";885376830;"R$ 885,4M";"ATIVA";"6462000";"Holdings de instituições não-financeiras";"SP";"SAO PAULO"
"28925264000175";"COMPANHIA ENERGETICA JAGUARA";"";882643700;"R$ 882,6M";"ATIVA";"3511501";"Geração de energia elétrica";"SC";"FLORIANOPOLIS"
"50564053000103";"BOMBRIL S/A - EM RECUPERACAO JUDICIAL";"";879784960;"R$ 879,8M";"ATIVA";"2062200";"Fabricação de produtos de limpeza e polimento";"SP";"SAO BERNARDO DO CAMPO"
"09325109000173";"AUTOPISTA PLANALTO SUL S.A.";"";878034050;"R$ 878,0M";"ATIVA";"5221400";"Concessionárias de rodovias, pontes, túneis e serviços relacionados";"PR";"RIO NEGRO"
"00644907000193";"INVESTCO SA";"INVESTCO";876457800;"R$ 876,5M";"ATIVA";"3511501";"Geração de energia elétrica";"TO";"MIRACEMA DO TOCANTINS"
"42292007000174";"RIO+ SANEAMENTO BL3 S.A";"";875002500;"R$ 875,0M";"ATIVA";"3600601";"Captação, tratamento e distribuição de água";"RJ";"RIO DE JANEIRO"
"04069709000102";"BIONEXO S.A.";"";862683600;"R$ 862,7M";"ATIVA";"6202300";"Desenvolvimento e licenciamento de programas de computador customizáveis";"SP";"SAO PAULO"
"09257877000137";"FERROVIA NORTE SUL S/A";"FERROVIA NORTE SUL";859133950;"R$ 859,1M";"ATIVA";"4911600";"Transporte ferroviário de carga";"MA";"SAO LUIS"
"59105999000186";"WHIRLPOOL S.A";"WHIRLPOOL SA";859102340;"R$ 859,1M";"ATIVA";"2751100";"Fabricação de fogões, refrigeradores e máquinas de lavar e secar para uso doméstico, peças e acessórios";"SP";"SAO PAULO"
"65913436000117";"SAFRA ASSET CORRETORA DE TITULOS E VALORES MOBILIARIOS S.A.";"";857865100;"R$ 857,9M";"ATIVA";"6612601";"Corretoras de títulos e valores mobiliários";"SP";"SAO PAULO"
"18189547000142";"CLOUDWALK INSTITUICAO DE PAGAMENTO E SERVICOS LTDA";"";857266900;"R$ 857,3M";"ATIVA";"8299799";"Outras atividades de serviços prestados principalmente às empresas não especificadas anteriormente";"SP";"SAO PAULO"
"20247322000147";"ALLIED TECNOLOGIA S.A.";"";852092160;"R$ 852,1M";"ATIVA";"4652400";"Comércio atacadista de componentes eletrônicos e equipamentos de telefonia e comunicação";"SP";"JUNDIAI"
"33352394000104";"COMPANHIA ESTADUAL DE AGUAS E ESGOTOS CEDAE";"";844613600;"R$ 844,6M";"ATIVA";"3600601";"Captação, tratamento e distribuição de água";"RJ";"RIO DE JANEIRO"
"09114805000130";"OCEANPACT SERVICOS MARITIMOS S.A.";"";842999400;"R$ 843,0M";"ATIVA";"5030101";"Navegação de apoio marítimo";"RJ";"RIO DE JANEIRO"
"03014553000191";"TPI - TRIUNFO PARTICIPACOES E INVESTIMENTOS S.A.";"TRIUNFO PARTICIPACOES S.A.";842979200;"R$ 843,0M";"ATIVA";"6462000";"Holdings de instituições não-financeiras";"SP";"SAO PAULO"
"52548435000179";"JSL S.A.";"JSL";842781440;"R$ 842,8M";"ATIVA";"4930202";"Transporte rodoviário de carga, exceto produtos perigosos e mudanças, intermunicipal, interestadual e internacional";"SP";"SAO PAULO"
"02998301000181";"RIO PARANAPANEMA ENERGIA S.A.";"";839137500;"R$ 839,1M";"ATIVA";"3511501";"Geração de energia elétrica";"SP";"SAO PAULO"
"10807374000177";"BOA SAFRA SEMENTES S.A";"BOA SAFRA SEMENTES";834113500;"R$ 834,1M";"ATIVA";"141501";"Produção de sementes certificadas, exceto de forrageiras para pasto";"GO";"FORMOSA"
"24962466000136";"RUMO MALHA NORTE S.A";"RUMO MALHA NORTE";833727740;"R$ 833,7M";"ATIVA";"4911600";"Transporte ferroviário de carga";"MT";"RONDONOPOLIS"
"08613550000198";"NEXPE PARTICIPACOES S.A. EM RECUPERACAO JUDICIAL";"";828684900;"R$ 828,7M";"ATIVA";"6462000";"Holdings de instituições não-financeiras";"SP";"SAO PAULO"
"41508382000146";"RODOVIAS DO BRASIL HOLDING S.A.";"";828270200;"R$ 828,3M";"ATIVA";"6462000";"Holdings de instituições não-financeiras";"RJ";"RIO DE JANEIRO"
"02171304000147";"FGR INCORPORACOES S/A";"FGR";820000000;"R$ 820,0M";"ATIVA";"4110700";"Incorporação de empreendimentos imobiliários";"GO";"APARECIDA DE GOIANIA"
"35593905000105";"CONCESSIONARIA ECOVIAS DO CERRADO S.A.";"ECOVIAS CERRADO";819406660;"R$ 819,4M";"ATIVA";"5221400";"Concessionárias de rodovias, pontes, túneis e serviços relacionados";"MG";"UBERLANDIA"
"12489315000123";"FERREIRA GOMES ENERGIA S.A.";"";818858300;"R$ 818,9M";"ATIVA";"3511501";"Geração de energia elétrica";"SP";"SAO PAULO"
"27351731000138";"REALIZE SOCIEDADE DE CREDITO, FINANCIAMENTO E INVESTIMENTO S.A.";"";812531000;"R$ 812,5M";"ATIVA";"6436100";"Sociedades de crédito, financiamento e investimento - financeiras";"RS";"PORTO ALEGRE"
"06981381000113";"CTC - CENTRO DE TECNOLOGIA CANAVIEIRA S.A.";"";812203300;"R$ 812,2M";"ATIVA";"7210000";"Pesquisa e desenvolvimento experimental em ciências físicas e naturais";"SP";"PIRACICABA"
"03279285000130";"ORIZON MEIO AMBIENTE S.A.";"";806843100;"R$ 806,8M";"ATIVA";"7119799";"Atividades técnicas relacionadas à engenharia e arquitetura não especificadas anteriormente";"SP";"SAO PAULO"
"61088183000133";"BANCO MIZUHO DO BRASIL S.A.";"";802538700;"R$ 802,5M";"ATIVA";"6422100";"Bancos múltiplos, com carteira comercial";"SP";"SAO PAULO"
"60978495000150";"EPR PARANA S.A.";"";798000000;"R$ 798,0M";"ATIVA";"5221400";"Concessionárias de rodovias, pontes, túneis e serviços relacionados";"PR";"CASCAVEL"
"11285104000106";"NEON FINANCEIRA - SOCIEDADE DE CREDITO, FINANCIAMENTO E INVESTIMENTO S.A";"XXXXXXXXXXX";794002200;"R$ 794,0M";"ATIVA";"6436100";"Sociedades de crédito, financiamento e investimento - financeiras";"SP";"SAO PAULO"
"03017677000120";"BANCO J. SAFRA S.A";"";787019840;"R$ 787,0M";"ATIVA";"6422100";"Bancos múltiplos, com carteira comercial";"SP";"SAO PAULO"
"35764708000101";"BRASIL TECNOLOGIA E PARTICIPACOES S.A";"BRASIL TECPAR";778569300;"R$ 778,6M";"ATIVA";"6462000";"Holdings de instituições não-financeiras";"SP";"SAO PAULO"
"91669747000192";"DM SOCIEDADE DE CREDITO FINANCIAMENTO E INVESTIMENTO SA";"";773355200;"R$ 773,4M";"ATIVA";"6436100";"Sociedades de crédito, financiamento e investimento - financeiras";"SP";"SAO JOSE DOS CAMPOS"
"09095183000140";"ENERGISA PARAIBA - DISTRIBUIDORA DE ENERGIA S.A";"ENERGISA";770348800;"R$ 770,3M";"ATIVA";"3514000";"Distribuição de energia elétrica";"PB";"JOAO PESSOA"
"16233389000155";"CVLB BRASIL S.A. - EM RECUPERACAO JUDICIAL";"";765189400;"R$ 765,2M";"ATIVA";"4712100";"Comércio varejista de mercadorias em geral, com predominância de produtos alimentícios - minimercados, mercearias e armazéns";"RJ";"RIO DE JANEIRO"
"96298013000168";"PACAEMBU CONSTRUTORA S.A.";"";754221060;"R$ 754,2M";"ATIVA";"4120400";"Construção de edifícios";"SP";"BAURU"
"61809182000130";"UBS (BRASIL) CORRETORA DE VALORES S.A.";"";752497900;"R$ 752,5M";"ATIVA";"6612601";"Corretoras de títulos e valores mobiliários";"SP";"SAO PAULO"
"47155252000153";"VIA ARAUCARIA CONCESSIONARIA DE RODOVIAS S.A.";"";735074400;"R$ 735,1M";"ATIVA";"5221400";"Concessionárias de rodovias, pontes, túneis e serviços relacionados";"PR";"CURITIBA"
"09554480000107";"SUPERDIGITAL LOGISTICA S.A.";"SUPERDIGITAL";727584800;"R$ 727,6M";"ATIVA";"6619399";"Outras atividades auxiliares dos serviços financeiros não especificadas anteriormente";"SP";"SAO PAULO"
"61067901000195";"AGUAS DO PARA A SPE S.A.";"";724868300;"R$ 724,9M";"ATIVA";"3600601";"Captação, tratamento e distribuição de água";"PA";"BELEM"
"04184779000101";"BANCO BRADESCARD S.A.";"";720000000;"R$ 720,0M";"ATIVA";"6422100";"Bancos múltiplos, com carteira comercial";"SP";"OSASCO"
"62421979000129";"BANCO BMG SOLUCOES FINANCEIRAS S.A.";"";718028400;"R$ 718,0M";"ATIVA";"6422100";"Bancos múltiplos, com carteira comercial";"SP";"SAO PAULO"
"13009717000146";"BANCO DO ESTADO DE SERGIPE S/A";"BANESE";713000000;"R$ 713,0M";"ATIVA";"6422100";"Bancos múltiplos, com carteira comercial";"SE";"ARACAJU"
"17765891000170";"GRUPO SALTA EDUCACAO S/A";"";712585340;"R$ 712,6M";"ATIVA";"6462000";"Holdings de instituições não-financeiras";"RJ";"RIO DE JANEIRO"
"49314049000108";"CONCESSIONARIA DE RODOVIAS NOROESTE PAULISTA S.A.";"ECOVIAS NOROESTE PAULISTA";710772900;"R$ 710,8M";"ATIVA";"5221400";"Concessionárias de rodovias, pontes, túneis e serviços relacionados";"SP";"MATAO"
"46119855000137";"SOCIEDADE DE ABASTECIMENTO DE AGUA E SANEAMENTO SA";"SANASA CAMPINAS";704798660;"R$ 704,8M";"ATIVA";"8211300";"Serviços combinados de escritório e apoio administrativo";"SP";"CAMPINAS"
"58056046000102";"EPR IGUACU S.A.";"";690000000;"R$ 690,0M";"ATIVA";"5221400";"Concessionárias de rodovias, pontes, túneis e serviços relacionados";"PR";"CASCAVEL"
"09274232000102";"STATE STREET BRASIL S.A - BANCO COMERCIAL";"";688505600;"R$ 688,5M";"ATIVA";"6421200";"Bancos comerciais";"SP";"SAO PAULO"
"03215790000110";"BANCO TOYOTA DO BRASIL S.A.";"";686260540;"R$ 686,3M";"ATIVA";"6431000";"Bancos múltiplos, sem carteira comercial";"SP";"SAO PAULO"
"45456117000112";"AGUAS DO SERTAO S/A";"";679000000;"R$ 679,0M";"ATIVA";"3600601";"Captação, tratamento e distribuição de água";"AL";"PENEDO"
"15581638000130";"FACTA FINANCEIRA S.A. CREDITO, FINANCIAMENTO E INVESTIMENTO";"FACTA FINANCEIRA";677942600;"R$ 677,9M";"ATIVA";"6436100";"Sociedades de crédito, financiamento e investimento - financeiras";"RS";"PORTO ALEGRE"
"31895683000116";"BANCO INDUSTRIAL DO BRASIL S/A";"";677448000;"R$ 677,4M";"ATIVA";"6422100";"Bancos múltiplos, com carteira comercial";"SP";"SAO PAULO"
"92791243000103";"IRANI PAPEL E EMBALAGEM S.A.";"IRANI";676894850;"R$ 676,9M";"ATIVA";"1721400";"Fabricação de papel";"RS";"PORTO ALEGRE"
"10739356000103";"BRBI BR PARTNERS S.A";"";674940400;"R$ 674,9M";"ATIVA";"6463800";"Outras sociedades de participação, exceto holdings";"SP";"SAO PAULO"
"30723871000102";"CASAS BAHIA PAY INSTITUICAO DE PAGAMENTO LTDA";"CB PAY IP";673470000;"R$ 673,5M";"ATIVA";"6619399";"Outras atividades auxiliares dos serviços financeiros não especificadas anteriormente";"SP";"SAO PAULO"
"92012467000170";"GRAZZIOTIN S A";"";672048100;"R$ 672,0M";"ATIVA";"4781400";"Comércio varejista de artigos do vestuário e acessórios";"RS";"PASSO FUNDO"
"15124464000187";"BANCO BESA S.A.";"";668857500;"R$ 668,9M";"ATIVA";"6421200";"Bancos comerciais";"BA";"SALVADOR"
"15114494000102";"CORREDOR LOGISTICA E INFRAESTRUTURA S.A.";"CORREDOR";667604500;"R$ 667,6M";"ATIVA";"5231102";"Atividades do Operador Portuário";"SP";"SAO PAULO"
"10234027000100";"LINHAS DE MACAPA TRANSMISSORA DE ENERGIA S.A.";"";667013200;"R$ 667,0M";"ATIVA";"3512300";"Transmissão de energia elétrica";"MG";"CATAGUASES"
"22261473000185";"COMPANHIA DE GAS DE MINAS GERAIS GASMIG";"GASMIG";665429250;"R$ 665,4M";"ATIVA";"3520401";"Produção de gás; processamento de gás natural";"MG";"BELO HORIZONTE"
"17159229000176";"LABORATORIO TEUTO BRASILEIRO S/A";"";661946700;"R$ 661,9M";"ATIVA";"2121101";"Fabricação de medicamentos alopáticos para uso humano";"GO";"ANAPOLIS"
"42353180000135";"IGUA RIO DE JANEIRO S.A";"";661029500;"R$ 661,0M";"ATIVA";"3600601";"Captação, tratamento e distribuição de água";"RJ";"RIO DE JANEIRO"
"04862600000110";"PORTOSEG S/A - CREDITO, FINANCIAMENTO E INVESTIMENTO";"";654117440;"R$ 654,1M";"ATIVA";"6436100";"Sociedades de crédito, financiamento e investimento - financeiras";"SP";"SAO PAULO"
"41096674000119";"CANTU STORE S.A.";"CANTU INC";652773500;"R$ 652,8M";"ATIVA";"6462000";"Holdings de instituições não-financeiras";"SP";"SAO PAULO"
"40337136000106";"TERRA SANTA PROPRIEDADES AGRICOLAS S.A.";"";650596600;"R$ 650,6M";"ATIVA";"6463800";"Outras sociedades de participação, exceto holdings";"SP";"SAO PAULO"
"47866934000174";"TICKET SERVICOS SA";"";643705000;"R$ 643,7M";"ATIVA";"6619305";"Operadoras de cartões de débito";"SP";"SAO PAULO"
"58070452000120";"IGUA SERGIPE S.A.";"";640001000;"R$ 640,0M";"ATIVA";"3600601";"Captação, tratamento e distribuição de água";"SE";"ARACAJU"
"12108897000150";"D1000 VAREJO FARMA PARTICIPACOES S.A.";"";635209700;"R$ 635,2M";"ATIVA";"6462000";"Holdings de instituições não-financeiras";"RJ";"RIO DE JANEIRO"
"10240186000100";"LINHAS DE XINGU TRANSMISSORA DE ENERGIA S.A.";"";632529100;"R$ 632,5M";"ATIVA";"3512300";"Transmissão de energia elétrica";"MG";"CATAGUASES"
"26345998000150";"ECONOMATICA S.A.";"";623439940;"R$ 623,4M";"ATIVA";"6319400";"Portais, provedores de conteúdo e outros serviços de informação na internet";"SP";"SAO PAULO"
"81616807000155";"GRANJA FARIA S.A.";"";620216450;"R$ 620,2M";"ATIVA";"155502";"Produção de pintos de um dia";"SC";"LAURO MULLER"
"45365558000109";"VITTIA S.A.";"";618015700;"R$ 618,0M";"ATIVA";"2099199";"Fabricação de outros produtos químicos não especificados anteriormente";"SP";"SAO JOAQUIM DA BARRA"
"15413826000150";"ENERGISA MATO GROSSO DO SUL - DISTRIBUIDORA DE ENERGIA S.A.";"ENERGISA MS";616732740;"R$ 616,7M";"ATIVA";"3514000";"Distribuição de energia elétrica";"MS";"CAMPO GRANDE"
"01938783000111";"COMPANHIA DE PARTICIPACOES ALIANCA DA BAHIA";"ALIANCA PARTICIPACOES";612157200;"R$ 612,2M";"ATIVA";"6462000";"Holdings de instituições não-financeiras";"BA";"SALVADOR"
"35980592000130";"ELEA DIGITAL INFRAESTRUTURA E REDES DE TELECOMUNICACOES S.A.";"";607570050;"R$ 607,6M";"ATIVA";"6110803";"Serviços de comunicação multimídia - SCM";"RJ";"RIO DE JANEIRO"
"09464032000112";"MIDWAY S.A. - SOCIEDADE DE CREDITO, FINANCIAMENTO E INVESTIMENTO";"MIDWAY";600000000;"R$ 600,0M";"ATIVA";"6436100";"Sociedades de crédito, financiamento e investimento - financeiras";"SP";"SAO PAULO"
"28942127000149";"COMPANHIA ENERGETICA MIRANDA";"";598277570;"R$ 598,3M";"ATIVA";"3511501";"Geração de energia elétrica";"SC";"FLORIANOPOLIS"
"02302100000106";"EDP SAO PAULO DISTRIBUICAO DE ENERGIA S.A.";"EDP SP";596669100;"R$ 596,7M";"ATIVA";"3514000";"Distribuição de energia elétrica";"SP";"SAO PAULO"
"03609817000150";"BANCO CARGILL SA";"BANCO CARGILL";595551900;"R$ 595,6M";"ATIVA";"6422100";"Bancos múltiplos, com carteira comercial";"SP";"SAO PAULO"
"22266175000188";"FERTILIZANTES HERINGER S.A.";"FERTILIZANTES HERINGER";594164900;"R$ 594,2M";"ATIVA";"2013402";"Fabricação de adubos e fertilizantes, exceto organo-minerais";"SP";"PAULINIA"
"03532415000102";"BANCO ABN AMRO CLEARING S.A.";"";593901760;"R$ 593,9M";"ATIVA";"6422100";"Bancos múltiplos, com carteira comercial";"SP";"SAO PAULO"
"32681371000172";"VIX LOGISTICA S/A";"VIXPAR";592072100;"R$ 592,1M";"ATIVA";"4930202";"Transporte rodoviário de carga, exceto produtos perigosos e mudanças, intermunicipal, interestadual e internacional";"ES";"VITORIA"
"13220493000117";"BR PARTNERS BANCO DE INVESTIMENTO S.A.";"";590591100;"R$ 590,6M";"ATIVA";"6432800";"Bancos de investimento";"SP";"SAO PAULO"
"14127813000151";"ARANDU INVESTIMENTOS S.A.";"";585136400;"R$ 585,1M";"ATIVA";"6319400";"Portais, provedores de conteúdo e outros serviços de informação na internet";"SP";"SAO PAULO"
"26664057000189";"ENTREVIAS CONCESSIONARIA DE RODOVIAS S.A.";"";580628100;"R$ 580,6M";"ATIVA";"5221400";"Concessionárias de rodovias, pontes, túneis e serviços relacionados";"SP";"SERTAOZINHO"
"00873894000124";"LET'S RENT A CAR S/A";"LET'S RENT A CAR";578986430;"R$ 579,0M";"ATIVA";"7711000";"Locação de automóveis sem condutor";"SP";"ARARAQUARA"
"03502968000104";"SANTANDER DISTRIBUIDORA DE TITULOS E VALORES MOBILIARIOS S.A.";"";574408640;"R$ 574,4M";"ATIVA";"6612602";"Distribuidoras de títulos e valores mobiliários";"SP";"SAO PAULO"
"08801621000186";"SYN PROP E TECH S.A.";"";573313340;"R$ 573,3M";"ATIVA";"4110700";"Incorporação de empreendimentos imobiliários";"SP";"SAO PAULO"
"87870952000144";"BORRACHAS VIPAL S.A.";"VIPAL";560000000;"R$ 560,0M";"ATIVA";"2219600";"Fabricação de artefatos de borracha não especificados anteriormente";"RS";"NOVA PRATA"
"30213493000109";"TEGRA INCORPORADORA S.A.";"";557870850;"R$ 557,9M";"ATIVA";"4110700";"Incorporação de empreendimentos imobiliários";"SP";"SAO PAULO"
"33228024000151";"WLM PARTICIPACOES E COMERCIO DE MAQUINAS E VEICULOS S.A.";"WLM";557377900;"R$ 557,4M";"ATIVA";"6462000";"Holdings de instituições não-financeiras";"RJ";"RIO DE JANEIRO"
"10647979000148";"CONCESSIONARIA ROTA DAS BANDEIRAS S.A.";"";556799040;"R$ 556,8M";"ATIVA";"5221400";"Concessionárias de rodovias, pontes, túneis e serviços relacionados";"SP";"ITATIBA"
"07656500000125";"BANCO KDB DO BRASIL S.A.";"";552890750;"R$ 552,9M";"ATIVA";"6422100";"Bancos múltiplos, com carteira comercial";"SP";"SAO PAULO"
"92781335000102";"TAURUS ARMAS S.A.";"";548100900;"R$ 548,1M";"ATIVA";"2550102";"Fabricação de armas de fogo, outras armas e munições";"RS";"SAO LEOPOLDO"
"76627504000106";"INEPAR S.A. INDUSTRIA E CONSTRUCOES EM RECUPERACAO JUDICIAL";"";543685700;"R$ 543,7M";"ATIVA";"2731700";"Fabricação de aparelhos e equipamentos para distribuição e controle de energia elétrica";"PR";"CURITIBA"
"08324196000181";"COMPANHIA ENERGETICA DO RIO GRANDE DO NORTE COSERN";"NEOENERGIA COSERN";542339260;"R$ 542,3M";"ATIVA";"3514000";"Distribuição de energia elétrica";"RN";"NATAL"
"25249439000183";"HOSPITAL CARE CALEDONIA S.A.";"";541973700;"R$ 542,0M";"ATIVA";"6462000";"Holdings de instituições não-financeiras";"SP";"CAMPINAS"
"08773135000100";"2W ECOBANK S.A. - EM RECUPERACAO JUDICIAL";"";540438400;"R$ 540,4M";"ATIVA";"3513100";"Comércio atacadista de energia elétrica";"SP";"SAO PAULO"
"65654303000173";"DIBENS LEASING S/A - ARRENDAMENTO MERCANTIL";"";537462800;"R$ 537,5M";"ATIVA";"6440900";"Arrendamento mercantil";"SP";"SAO PAULO"
"61856571000117";"COMPANHIA DE GAS DE SAO PAULO COMGAS";"";536315500;"R$ 536,3M";"ATIVA";"3520402";"Distribuição de combustíveis gasosos por redes urbanas";"SP";"SAO PAULO"
"41570356000148";"VRENTAL LOCACAO DE MAQUINAS E EQUIPAMENTOS S/A";"";535734980;"R$ 535,7M";"ATIVA";"7732201";"Aluguel de máquinas e equipamentos para construção sem operador, exceto andaimes";"SP";"INDAIATUBA"
"07282377000120";"ENERGISA SUL-SUDESTE - DISTRIBUIDORA DE ENERGIA S.A.";"ENERGISA SUL SUDESTE";534716540;"R$ 534,7M";"ATIVA";"3514000";"Distribuição de energia elétrica";"SP";"PRESIDENTE PRUDENTE"
"10158356000101";"CPX DISTRIBUIDORA S.A.";"PNEUSTORE.COM.BR";528128320;"R$ 528,1M";"ATIVA";"4530702";"Comércio por atacado de pneumáticos e câmaras-de-ar";"SC";"ITAJAI"
"12592831000189";"MNLT S.A";"ELAVON";524655500;"R$ 524,7M";"ATIVA";"8299799";"Outras atividades de serviços prestados principalmente às empresas não especificadas anteriormente";"SP";"SAO PAULO"
"67010660000124";"RNI NEGOCIOS IMOBILIARIOS S.A.";"RNI NEGOCIOS IMOBILIARIOS S.A.";521440900;"R$ 521,4M";"ATIVA";"4120400";"Construção de edifícios";"SP";"SAO JOSE DO RIO PRETO"
"14110585000107";"MELIUZ S.A.";"";519727100;"R$ 519,7M";"ATIVA";"6319400";"Portais, provedores de conteúdo e outros serviços de informação na internet";"SP";"SAO BERNARDO DO CAMPO"
"02193750000152";"DEXXOS PARTICIPACOES S.A.";"";519204030;"R$ 519,2M";"ATIVA";"6462000";"Holdings de instituições não-financeiras";"RJ";"RIO DE JANEIRO"
"09527023000123";"ENVIRONMENTAL ESG PARTICIPACOES S.A.";"";518000000;"R$ 518,0M";"ATIVA";"6462000";"Holdings de instituições não-financeiras";"SP";"NOVA ODESSA"
"08797760000183";"CURY CONSTRUTORA E INCORPORADORA S.A.";"";506846620;"R$ 506,8M";"ATIVA";"4120400";"Construção de edifícios";"SP";"SAO PAULO"
"96418264021802";"LOJAS QUERO-QUERO S.A.";"LOJAS QUERO-QUERO";505967400;"R$ 506,0M";"ATIVA";"4753900";"Comércio varejista especializado de eletrodomésticos e equipamentos de áudio e vídeo";"RS";"CACHOEIRINHA"
"21728083000100";"TRANSMISSORA JOSE MARIA DE MACEDO DE ELETRICIDADE S.A.";"ARGO VII TRANSMISSAO DE ENERGIA S.A";504397380;"R$ 504,4M";"ATIVA";"3512300";"Transmissão de energia elétrica";"SP";"SAO PAULO"
"17234244000131";"FTL - FERROVIA TRANSNORDESTINA LOGISTICA S.A";"FTL";502961020;"R$ 503,0M";"ATIVA";"4911600";"Transporte ferroviário de carga";"CE";"FORTALEZA"
"04992714000184";"NOVA TRANSPORTADORA DO SUDESTE S/A - NTS";"";501000000;"R$ 501,0M";"ATIVA";"4940000";"Transporte dutoviário";"RJ";"RIO DE JANEIRO"
"46518205000164";"JPMORGAN CHASE BANK, NATIONAL ASSOCIATION";"";500000000;"R$ 500,0M";"ATIVA";"6421200";"Bancos comerciais";"SP";"SAO PAULO"
"24624490000165";"ARGO TRANSMISSAO DE ENERGIA S.A.";"";500000000;"R$ 500,0M";"ATIVA";"3512300";"Transmissão de energia elétrica";"SP";"SAO PAULO"
"44067725000172";"VIA BRASIL BR 163 CONCESSIONARIA DE RODOVIAS S.A.";"";500000000;"R$ 500,0M";"ATIVA";"5221400";"Concessionárias de rodovias, pontes, túneis e serviços relacionados";"MT";"SINOP"
"07207996000150";"BANCO BRADESCO FINANCIAMENTOS S.A.";"";499300000;"R$ 499,3M";"ATIVA";"6422100";"Bancos múltiplos, com carteira comercial";"SP";"OSASCO"
"10635691000153";"VIARONDON CONCESSIONARIA DE RODOVIA S/A";"VIARONDON";499000000;"R$ 499,0M";"ATIVA";"5221400";"Concessionárias de rodovias, pontes, túneis e serviços relacionados";"SP";"LINS"
"04821041000108";"METALFRIO SOLUTIONS S.A.";"METALFRIO SOLUTIONS S.A.";494167330;"R$ 494,2M";"ATIVA";"2751100";"Fabricação de fogões, refrigeradores e máquinas de lavar e secar para uso doméstico, peças e acessórios";"SP";"SAO PAULO"
"18593815000197";"PRINER SERVICOS INDUSTRIAIS S.A";"PRINER";489619000;"R$ 489,6M";"ATIVA";"4399102";"Montagem e desmontagem de andaimes e outras estruturas temporárias";"RJ";"RIO DE JANEIRO"
"20258278000170";"OUROFINO S.A.";"";479823740;"R$ 479,8M";"ATIVA";"4644302";"Comércio atacadista de medicamentos e drogas de uso veterinário";"SP";"CRAVINHOS"
"13427325000105";"LAUNCH PAD TECNOLOGIA, SERVICOS E PAGAMENTOS LTDA.";"HOTMART";477158880;"R$ 477,2M";"ATIVA";"6201501";"Desenvolvimento de programas de computador sob encomenda";"MG";"BELO HORIZONTE"
"08322396000103";"CERRADINHO BIOENERGIA S.A.";"";472588060;"R$ 472,6M";"ATIVA";"1931400";"Fabricação de álcool";"GO";"CHAPADAO DO CEU"
"15114366000169";"BANCO BOCOM BBM S.A.";"";469300380;"R$ 469,3M";"ATIVA";"6422100";"Bancos múltiplos, com carteira comercial";"BA";"SALVADOR"
"61067902000130";"AGUAS DO PARA B SPE S.A.";"";466592580;"R$ 466,6M";"ATIVA";"3600601";"Captação, tratamento e distribuição de água";"PA";"BRAGANCA"
"10690848000143";"BANCO DA CHINA BRASIL S.A";"BANK OF CHINA BRASIL";464225000;"R$ 464,2M";"ATIVA";"6422100";"Bancos múltiplos, com carteira comercial";"SP";"SAO PAULO"
"02351144000118";"TEGMA GESTAO LOGISTICA S.A.";"";460000000;"R$ 460,0M";"ATIVA";"4930202";"Transporte rodoviário de carga, exceto produtos perigosos e mudanças, intermunicipal, interestadual e internacional";"SP";"SAO BERNARDO DO CAMPO"
"17351180000159";"BANCO TRIANGULO S/A";"TRIBANCO";458920000;"R$ 458,9M";"ATIVA";"6422100";"Bancos múltiplos, com carteira comercial";"MG";"UBERLANDIA"
"09054385000144";"INBRANDS S.A";"";452948500;"R$ 452,9M";"ATIVA";"4781400";"Comércio varejista de artigos do vestuário e acessórios";"SP";"SAO PAULO"
"02560878000107";"HOSPITAL ANCHIETA S.A";"";451290530;"R$ 451,3M";"ATIVA";"8610101";"Atividades de atendimento hospitalar, exceto pronto-socorro e unidades para atendimento a urgências";"DF";"BRASILIA"
"61067904000129";"AGUAS DO PARA D SPE S.A.";"";450046000;"R$ 450,0M";"ATIVA";"3600601";"Captação, tratamento e distribuição de água";"PA";"PARAUAPEBAS"
"92693019000189";"PANATLANTICA S.A.";"PANATLANTICA";450000000;"R$ 450,0M";"ATIVA";"2599399";"Fabricação de outros produtos de metal não especificados anteriormente";"RS";"GRAVATAI"
"50399553000137";"CONCESSIONARIA RODOANEL NORTE SPE S. A.";"VIA SPSERRA";449742700;"R$ 449,7M";"ATIVA";"5221400";"Concessionárias de rodovias, pontes, túneis e serviços relacionados";"SP";"SAO PAULO"
"09414761000164";"K-INFRA RODOVIA DO ACO S.A.";"";438326880;"R$ 438,3M";"ATIVA";"5221400";"Concessionárias de rodovias, pontes, túneis e serviços relacionados";"RJ";"VASSOURAS"
"61092037000181";"ETERNIT S.A";"ETERNIT";438081470;"R$ 438,1M";"ATIVA";"2330303";"Fabricação de artefatos de fibrocimento para uso na construção";"SP";"SAO PAULO"
"17167396000169";"ALFA HOLDINGS S.A.";"";436556000;"R$ 436,6M";"ATIVA";"6461100";"Holdings de instituições financeiras";"SP";"SAO PAULO"
"09074183000164";"TRANSBRASILIANA - CONCESSIONARIA DE RODOVIA S.A.";"";436126050;"R$ 436,1M";"ATIVA";"5221400";"Concessionárias de rodovias, pontes, túneis e serviços relacionados";"SP";"LINS"
"51136974000138";"EPR INFRAESTRUTURA PR S.A.";"";430506100;"R$ 430,5M";"ATIVA";"6462000";"Holdings de instituições não-financeiras";"SP";"SAO PAULO"
"18572225000188";"CONCEBRA - CONCESSIONARIA DAS RODOVIAS CENTRAIS DO BRASIL S.A.";"CONCEBRA";429710000;"R$ 429,7M";"ATIVA";"5221400";"Concessionárias de rodovias, pontes, túneis e serviços relacionados";"GO";"GOIANIA"
"13017462000163";"ENERGISA SERGIPE - DISTRIBUIDORA DE ENERGIA S.A";"ENERGISA SE";428939170;"R$ 428,9M";"ATIVA";"3514000";"Distribuição de energia elétrica";"SE";"ARACAJU"
"05917486000140";"LIVETECH DA BAHIA INDUSTRIA E COMERCIO S.A.";"WDC NETWORKS";426768930;"R$ 426,8M";"ATIVA";"2631100";"Fabricação de equipamentos transmissores de comunicação, peças e acessórios";"BA";"ILHEUS"
"34111187000112";"HAITONG BANCO DE INVESTIMENTO DO BRASIL S.A.";"";420000000;"R$ 420,0M";"ATIVA";"6432800";"Bancos de investimento";"SP";"SAO PAULO"
"14776142000150";"WESTWING COMERCIO VAREJISTA S.A.";"";411453120;"R$ 411,5M";"ATIVA";"4754701";"Comércio varejista de móveis";"SP";"SAO PAULO"
"59693110000129";"ORANJEBTC SA EDUCACAO E INVESTIMENTO";"";411383040;"R$ 411,4M";"ATIVA";"8599605";"Cursos preparatórios para concursos";"SP";"SAO PAULO"
"19540550000121";"ASAAS GESTAO FINANCEIRA INSTITUICAO DE PAGAMENTO S.A.";"";409168930;"R$ 409,2M";"ATIVA";"6619399";"Outras atividades auxiliares dos serviços financeiros não especificadas anteriormente";"SC";"JOINVILLE"
"48795256000169";"BANCO ANDBANK (BRASIL) S.A.";"ANDBANK";406492770;"R$ 406,5M";"ATIVA";"6421200";"Bancos comerciais";"SP";"SAO PAULO"
"48344725000719";"ALTHAIA S.A. INDUSTRIA FARMACEUTICA";"ALTHAIA S.A. INDUSTRIA FARMACEUTICA";405337800;"R$ 405,3M";"ATIVA";"2121101";"Fabricação de medicamentos alopáticos para uso humano";"SP";"ATIBAIA"
"33603457000140";"BANCO RODOBENS S.A.";"";402045150;"R$ 402,0M";"ATIVA";"6422100";"Bancos múltiplos, com carteira comercial";"SP";"SAO PAULO"
"48703388000113";"ASA SOCIEDADE DE CREDITO FINANCIAMENTO E INVESTIMENTO S.A.";"ASA SCFI";390240420;"R$ 390,2M";"ATIVA";"6436100";"Sociedades de crédito, financiamento e investimento - financeiras";"SP";"SAO PAULO"
"08764621000153";"GENERAL SHOPPING E OUTLETS DO BRASIL S.A";"";389625570;"R$ 389,6M";"ATIVA";"4110700";"Incorporação de empreendimentos imobiliários";"SP";"SAO PAULO"
"17359233000188";"TECIDOS E ARMARINHOS MIGUEL BARTOLOMEU S/A";"TAMBASA ATACADISTAS";383000000;"R$ 383,0M";"ATIVA";"4672900";"Comércio atacadista de ferragens e ferramentas";"MG";"CONTAGEM"
"80680093000181";"SENIOR SISTEMAS S.A.";"SENIOR SISTEMAS";380904900;"R$ 380,9M";"ATIVA";"6201501";"Desenvolvimento de programas de computador sob encomenda";"SC";"BLUMENAU"
"02382073000110";"PROLAGOS S/A - CONCESSIONARIA DE SERVICOS PUBLICOS DE AGUA E ESGOTO";"PROLAGOS";376353280;"R$ 376,4M";"ATIVA";"3600601";"Captação, tratamento e distribuição de água";"RJ";"SAO PEDRO DA ALDEIA"
"02819125000173";"UBS BB CORRETORA DE CAMBIO, TITULOS E VALORES MOBILIARIOS S.A";"";363158340;"R$ 363,2M";"ATIVA";"6612601";"Corretoras de títulos e valores mobiliários";"SP";"SAO PAULO"
"33938119000169";"COMPANHIA DISTRIBUIDORA DE GAS DO RIO DE JANEIRO - CEG";"* CEG *";362585440;"R$ 362,6M";"ATIVA";"3520402";"Distribuição de combustíveis gasosos por redes urbanas";"RJ";"RIO DE JANEIRO"
"43514079000181";"CLI SUL S/A";"";360228100;"R$ 360,2M";"ATIVA";"5231102";"Atividades do Operador Portuário";"SP";"SAO PAULO"
"68900810000138";"BANCO RENDIMENTO S/A";"";360000000;"R$ 360,0M";"ATIVA";"6421200";"Bancos comerciais";"SP";"SAO PAULO"
"61021673000112";"MAGALUPAY - SOCIEDADE DE CREDITO, FINANCIAMENTO E INVESTIMENTO S.A.";"MAGALUPAY FINANCEIRA";360000000;"R$ 360,0M";"ATIVA";"6436100";"Sociedades de crédito, financiamento e investimento - financeiras";"SP";"SAO PAULO"
"35822503000127";"INSPIRALI EDUCACAO S/A";"";357618430;"R$ 357,6M";"ATIVA";"8532500";"Educação superior - graduação e pós-graduação";"MG";"BELO HORIZONTE"
"11476673000139";"BANCO RANDON SA";"BANCO RANDON";356000000;"R$ 356,0M";"ATIVA";"6431000";"Bancos múltiplos, sem carteira comercial";"RS";"CAXIAS DO SUL"
"79430682000122";"FARMACIA E DROGARIA NISSEI S.A";"";350547900;"R$ 350,5M";"ATIVA";"4771701";"Comércio varejista de produtos farmacêuticos, sem manipulação de fórmulas";"PR";"CURITIBA"
"04172213000151";"COMPANHIA PIRATININGA DE FORCA E LUZ";"CPFL - COMPANHIA PIRATININGA DE FORCA E LUZ";350067420;"R$ 350,1M";"ATIVA";"3514000";"Distribuição de energia elétrica";"SP";"CAMPINAS"
"91333666000117";"RECRUSUL S/A";"";350000000;"R$ 350,0M";"ATIVA";"2930101";"Fabricação de cabines, carrocerias e reboques para caminhões";"RS";"PORTO ALEGRE"
"45987245000192";"BIOMA EDUCACAO S.A.";"BIOMA EDUCACAO";349986460;"R$ 350,0M";"ATIVA";"6462000";"Holdings de instituições não-financeiras";"SP";"SAO PAULO"
"55231969000165";"EPR VIA MINEIRA S.A.";"";348000000;"R$ 348,0M";"ATIVA";"5221400";"Concessionárias de rodovias, pontes, túneis e serviços relacionados";"MG";"NOVA LIMA"
"04814563000174";"BANCO AFINZ S.A. BANCO MULTIPLO";"BANCO AFINZ";346424700;"R$ 346,4M";"ATIVA";"6422100";"Bancos múltiplos, com carteira comercial";"SP";"SOROCABA"
"47815827000117";"CAMINHOS DA SERRA GAUCHA S.A.";"";346393540;"R$ 346,4M";"ATIVA";"5221400";"Concessionárias de rodovias, pontes, túneis e serviços relacionados";"RS";"FARROUPILHA"
"13270520000166";"KORA SAUDE PARTICIPACOES S.A";"";345603330;"R$ 345,6M";"ATIVA";"6462000";"Holdings de instituições não-financeiras";"ES";"VITORIA"
"91983056000169";"KEPLER WEBER SA";"KEPLER WEBER SA";344694180;"R$ 344,7M";"ATIVA";"6462000";"Holdings de instituições não-financeiras";"SP";"SAO PAULO"
"61033106000186";"BANCO CREFISA S.A.";"";344320260;"R$ 344,3M";"ATIVA";"6421200";"Bancos comerciais";"SP";"SAO PAULO"
"04089570000150";"AGUAS GUARIROBA SA";"AGUAS GUARIROBA";343639460;"R$ 343,6M";"ATIVA";"3600601";"Captação, tratamento e distribuição de água";"MS";"CAMPO GRANDE"
"08100057000174";"TECNOGERA - LOCACAO E TRANSFORMACAO DE ENERGIA SA";"TECNOGERA";342964960;"R$ 343,0M";"ATIVA";"7739099";"Aluguel de outras máquinas e equipamentos comerciais e industriais não especificados anteriormente, sem operador";"SP";"SAO BERNARDO DO CAMPO"
"41886692000102";"CONCESSIONARIA ROTA DE SANTA MARIA S.A";"";340000000;"R$ 340,0M";"ATIVA";"5221400";"Concessionárias de rodovias, pontes, túneis e serviços relacionados";"RS";"SANTA CRUZ DO SUL"
"52017473000103";"AZEVEDO & TRAVASSOS ENERGIA S.A.";"";339397730;"R$ 339,4M";"ATIVA";"6462000";"Holdings de instituições não-financeiras";"SP";"SAO PAULO"
"59418806000147";"TRACK & FIELD CO S.A.";"";336147900;"R$ 336,1M";"ATIVA";"1412601";"Confecção de peças de vestuário, exceto roupas íntimas e as confeccionadas sob medida";"SP";"SAO PAULO"
"61820817000109";"BANCO PAULISTA S.A.";"";329300000;"R$ 329,3M";"ATIVA";"6422100";"Bancos múltiplos, com carteira comercial";"SP";"SAO PAULO"
"02762121000104";"SANTOS BRASIL PARTICIPACOES S.A.";"";329268160;"R$ 329,3M";"ATIVA";"5231102";"Atividades do Operador Portuário";"SP";"SAO PAULO"
"14292540000109";"BRAZIL TOWER, CESSAO DE INFRA - ESTRUTURAS S.A";"";328808200;"R$ 328,8M";"ATIVA";"7739099";"Aluguel de outras máquinas e equipamentos comerciais e industriais não especificados anteriormente, sem operador";"MG";"NOVA LIMA"
"37880206000163";"CORA SOCIEDADE DE CREDITO, FINANCIAMENTO E INVESTIMENTO S.A.";"";324007740;"R$ 324,0M";"ATIVA";"6436100";"Sociedades de crédito, financiamento e investimento - financeiras";"SP";"SAO PAULO"
"33466988000138";"BANCO CAIXA GERAL - BRASIL S.A.";"";323728000;"R$ 323,7M";"ATIVA";"6422100";"Bancos múltiplos, com carteira comercial";"SP";"SAO PAULO"
"27652684000162";"GENIAL INVESTIMENTOS CORRETORA DE VALORES MOBILIARIOS S.A.";"";322868800;"R$ 322,9M";"ATIVA";"6612601";"Corretoras de títulos e valores mobiliários";"RJ";"RIO DE JANEIRO"
"84683408000103";"DOHLER S.A.";"";320000000;"R$ 320,0M";"ATIVA";"1321900";"Tecelagem de fios de algodão";"SC";"JOINVILLE"
"13370835000185";"DOCK INSTITUICAO DE PAGAMENTO S.A.";"";313149280;"R$ 313,1M";"ATIVA";"6613400";"Administração de cartões de crédito";"SP";"BARUERI"
"19527639000158";"ENERGISA MINAS RIO - DISTRIBUIDORA DE ENERGIA S.A.";"ENERGISA-MG";312021540;"R$ 312,0M";"ATIVA";"3514000";"Distribuição de energia elétrica";"MG";"CATAGUASES"
"33040601000187";"MERCANTIL FINANCEIRA S.A. - SOCIEDADE DE CREDITO, FINANCIAMENTO E INVESTIMENTO";"";307463780;"R$ 307,5M";"ATIVA";"6436100";"Sociedades de crédito, financiamento e investimento - financeiras";"MG";"BELO HORIZONTE"
"87762563000103";"COMPANHIA HABITASUL DE PARTICIPACOES";"";307181820;"R$ 307,2M";"ATIVA";"6462000";"Holdings de instituições não-financeiras";"RS";"PORTO ALEGRE"
"46568486000160";"MANTIQUEIRA HOLDING S.A.";"";304813900;"R$ 304,8M";"ATIVA";"6462000";"Holdings de instituições não-financeiras";"RJ";"RIO DE JANEIRO"
"74828799000145";"NOVO BANCO CONTINENTAL S.A.BANCO MULTIPLO";"NBC BANK";303193820;"R$ 303,2M";"ATIVA";"6422100";"Bancos múltiplos, com carteira comercial";"RS";"PORTO ALEGRE"
"02509491000126";"CONCESSIONARIA ECOVIAS DOS IMIGRANTES S.A.";"ECOVIAS IMIGRANTES";302547400;"R$ 302,5M";"ATIVA";"5221400";"Concessionárias de rodovias, pontes, túneis e serviços relacionados";"SP";"SAO BERNARDO DO CAMPO"
"60850229000147";"OMNI BANCO S.A.";"";300000000;"R$ 300,0M";"ATIVA";"6422100";"Bancos múltiplos, com carteira comercial";"SP";"SAO PAULO"
"86375425000109";"METISA METALURGICA TIMBOENSE S/A";"";300000000;"R$ 300,0M";"ATIVA";"2833000";"Fabricação de máquinas e equipamentos para a agricultura e pecuária, peças e acessórios, exceto para irrigação";"SC";"TIMBO"
"29162769000198";"SANTANDER CORRETORA DE TITULOS E VALORES MOBILIARIOS SA";"";292881920;"R$ 292,9M";"ATIVA";"6612601";"Corretoras de títulos e valores mobiliários";"MG";"BELO HORIZONTE"
"10371492000185";"BANCO YAMAHA MOTOR DO BRASIL S.A.";"";291375000;"R$ 291,4M";"ATIVA";"6422100";"Bancos múltiplos, com carteira comercial";"SP";"SAO PAULO"
"13884775000119";"MAGALUPAY INSTITUICAO DE PAGAMENTO S.A.";"MAGALUPAY";290875740;"R$ 290,9M";"ATIVA";"8299702";"Emissão de vales-alimentação, vales-transporte e similares";"SP";"SAO PAULO"
"10841050000155";"CONCESSIONARIA DAS RODOVIAS AYRTON SENNA E CARVALHO PINTO S/A - ECOPISTAS";"ECOVIAS LESTE PAULISTA";287664900;"R$ 287,7M";"ATIVA";"5221400";"Concessionárias de rodovias, pontes, túneis e serviços relacionados";"SP";"ITAQUAQUECETUBA"
"01852137000137";"BANCO BRASILEIRO DE CREDITO S.A";"";286500000;"R$ 286,5M";"ATIVA";"6422100";"Bancos múltiplos, com carteira comercial";"SP";"SAO PAULO"
"02302101000142";"EMAE - EMPRESA METROPOLITANA DE AGUAS E ENERGIA SA";"";285411300;"R$ 285,4M";"ATIVA";"3511501";"Geração de energia elétrica";"SP";"SAO PAULO"
"19403252000190";"EMCCAMP RESIDENCIAL S.A.";"";283698000;"R$ 283,7M";"ATIVA";"4120400";"Construção de edifícios";"MG";"BELO HORIZONTE"
"01917818000136";"LIGHT ENERGIA S.A";"";283419740;"R$ 283,4M";"ATIVA";"3511501";"Geração de energia elétrica";"RJ";"RIO DE JANEIRO"
"31749596000150";"IDEAL CORRETORA DE TITULOS E VALORES MOBILIARIOS S.A.";"";283129920;"R$ 283,1M";"ATIVA";"6612601";"Corretoras de títulos e valores mobiliários";"SP";"SAO PAULO"
"40263170000183";"SOLVI ESSENCIS AMBIENTAL S.A.";"";281382080;"R$ 281,4M";"ATIVA";"3822000";"Tratamento e disposição de resíduos perigosos";"SP";"SAO PAULO"
"01896779000138";"CSU DIGITAL S.A.";"";279231840;"R$ 279,2M";"ATIVA";"7020400";"Atividades de consultoria em gestão empresarial, exceto consultoria técnica específica";"SP";"BARUERI"
"61088894000108";"CAMBUCI S/A";"PENALTY";270536200;"R$ 270,5M";"ATIVA";"1529700";"Fabricação de artefatos de couro não especificados anteriormente";"SP";"SAO PAULO"
"23236821000127";"PATRIMAR ENGENHARIA S.A.";"";269171680;"R$ 269,2M";"ATIVA";"4120400";"Construção de edifícios";"MG";"BELO HORIZONTE"
"38286323000166";"ASSURUA 4 E 5 HOLDING ENERGIA S.A.";"";260716560;"R$ 260,7M";"ATIVA";"6463800";"Outras sociedades de participação, exceto holdings";"SP";"SAO PAULO"
"31880826000116";"BANCO GUANABARA S/A";"";257122200;"R$ 257,1M";"ATIVA";"6422100";"Bancos múltiplos, com carteira comercial";"RJ";"RIO DE JANEIRO"
"38456921000136";"INFRACOMMERCE CXAAS S.A.";"";251390740;"R$ 251,4M";"ATIVA";"6462000";"Holdings de instituições não-financeiras";"SP";"SAO PAULO"
"20514590000188";"ARGO V TRANSMISSAO DE ENERGIA S.A";"ODOYA";251284700;"R$ 251,3M";"ATIVA";"3512300";"Transmissão de energia elétrica";"SP";"SAO PAULO"
"48127012000108";"EPR TRIANGULO S.A.";"";250000000;"R$ 250,0M";"ATIVA";"5221400";"Concessionárias de rodovias, pontes, túneis e serviços relacionados";"MG";"UBERLANDIA"
"83475913000191";"PBG S/A";"";250000000;"R$ 250,0M";"ATIVA";"2342701";"Fabricação de azulejos e pisos";"SC";"TIJUCAS"
"02451848000162";"CONCESSIONARIA DO SISTEMA ANHANGUERA-BANDEIRANTES S/A";"";246750000;"R$ 246,8M";"ATIVA";"5221400";"Concessionárias de rodovias, pontes, túneis e serviços relacionados";"SP";"JUNDIAI"
"13140088000199";"ACESSO SOLUCOES DE PAGAMENTO S.A. INSTITUCAO DE PAGAMENTO";"BANKLY";246482060;"R$ 246,5M";"ATIVA";"6613400";"Administração de cartões de crédito";"SP";"SAO PAULO"
"62002886000160";"SAO PAULO TURISMO S/A";"SPTURIS";246149580;"R$ 246,1M";"ATIVA";"8230001";"Serviços de organização de feiras, congressos, exposições e festas";"SP";"SAO PAULO"
"48710127000120";"SPE NOVO NORTE AEROPORTOS S.A.";"NORTE DA AMAZONIA AIRPORTS - NOA";244247710;"R$ 244,2M";"ATIVA";"5240101";"Operação dos aeroportos e campos de aterrissagem";"PA";"BELEM"
"97191902000194";"CONSERVAS ODERICH SA";"ODERICH";240000000;"R$ 240,0M";"ATIVA";"1013901";"Fabricação de produtos de carne";"RS";"SAO SEBASTIAO DO CAI"
"17161241000115";"MINASMAQUINAS SA";"";238620830;"R$ 238,6M";"ATIVA";"4511104";"Comércio por atacado de caminhões novos e usados";"MG";"CONTAGEM"
"09813204000116";"W2W E-COMMERCE DE VINHOS S/A";"WINE.COM.BR";236862270;"R$ 236,9M";"ATIVA";"4723700";"Comércio varejista de bebidas";"ES";"SERRA"
"18080368000172";"OZN HEALTH SPE S.A";"OPY HEALTH - DELPHINA AZIZ";235908220;"R$ 235,9M";"ATIVA";"8660700";"Atividades de apoio à gestão de saúde";"AM";"MANAUS"
"40473435000178";"REPASSES FINANCEIROS E SOLUCOES TECNOLOGICAS INSTITUICAO DE PAGAMENTO S.A.";"AARIN";234814510;"R$ 234,8M";"ATIVA";"7490104";"Atividades de intermediação e agenciamento de serviços e negócios em geral, exceto imobiliários";"SP";"SAO PAULO"
"42272526000170";"BNY MELLON BANCO S.A";"";234419500;"R$ 234,4M";"ATIVA";"6421200";"Bancos comerciais";"RJ";"RIO DE JANEIRO"
"09611768000176";"INC EMPREENDIMENTOS IMOBILIARIOS S.A";"";230000000;"R$ 230,0M";"ATIVA";"4110700";"Incorporação de empreendimentos imobiliários";"MG";"JUIZ DE FORA"
"00517645000104";"BANCO RIBEIRAO PRETO S/A";"";227977170;"R$ 228,0M";"ATIVA";"6422100";"Bancos múltiplos, com carteira comercial";"SP";"RIBEIRAO PRETO"
"03025305000146";"RODOVIAS DAS COLINAS S/A";"";226145400;"R$ 226,1M";"ATIVA";"5221400";"Concessionárias de rodovias, pontes, túneis e serviços relacionados";"SP";"ITU"
"60537263000166";"ALLPARK EMPREENDIMENTOS, PARTICIPACOES E SERVICOS S.A.";"ESTAPAR";225014880;"R$ 225,0M";"ATIVA";"5223100";"Estacionamento de veículos";"SP";"SAO PAULO"
"15111975000164";"IUGU INSTITUICAO DE PAGAMENTO S.A.";"IUGU";219456220;"R$ 219,5M";"ATIVA";"6203100";"Desenvolvimento e licenciamento de programas de computador não-customizáveis";"SP";"SAO PAULO"
"59115685000164";"TUPI ENERGIAS RENOVAVEIS S.A.";"TUPI";217436370;"R$ 217,4M";"ATIVA";"6462000";"Holdings de instituições não-financeiras";"SP";"SAO PAULO"
"20514555000169";"ARGO VI TRANSMISSAO DE ENERGIA S.A";"ESPERANZA";215600290;"R$ 215,6M";"ATIVA";"3512300";"Transmissão de energia elétrica";"SP";"SAO PAULO"
"57839805000140";"BANCO TRICURY S/A";"TRICURY";215000000;"R$ 215,0M";"ATIVA";"6431000";"Bancos múltiplos, sem carteira comercial";"SP";"SAO PAULO"
"07138049000154";"PICPAY INVEST DISTRIBUIDORA DE TITULOS E VALORES MOBILIARIOS LTDA";"LIGA INVEST";213000000;"R$ 213,0M";"ATIVA";"6612602";"Distribuidoras de títulos e valores mobiliários";"SP";"SAO PAULO"
"82643537000134";"ELECTRO ACO ALTONA S A";"";212084080;"R$ 212,1M";"ATIVA";"2451200";"Fundição de ferro e aço";"SC";"BLUMENAU"
"33644196000106";"BANCO FATOR S/A";"";210541520;"R$ 210,5M";"ATIVA";"6422100";"Bancos múltiplos, com carteira comercial";"SP";"SAO PAULO"
"16922038000151";"ENJOEI S.A";"ENJOEI";209554540;"R$ 209,6M";"ATIVA";"7490104";"Atividades de intermediação e agenciamento de serviços e negócios em geral, exceto imobiliários";"SP";"SAO PAULO"
"09105360000122";"ICAP DO BRASIL CORRETORA DE TITULOS E VALORES MOBILIARIOS LTDA";"";209418370;"R$ 209,4M";"ATIVA";"6612601";"Corretoras de títulos e valores mobiliários";"RJ";"RIO DE JANEIRO"
"18174270000184";"DOTZ S.A.";"";204390400;"R$ 204,4M";"ATIVA";"6462000";"Holdings de instituições não-financeiras";"SP";"SAO PAULO"
"00623904000173";"APPLE COMPUTER BRASIL LTDA";"";203888130;"R$ 203,9M";"ATIVA";"4651601";"Comércio atacadista de equipamentos de informática";"SP";"SAO PAULO"
"13783221000478";"MADERO INDUSTRIA E COMERCIO S.A.";"GRUPO MADERO";202394960;"R$ 202,4M";"ATIVA";"1013901";"Fabricação de produtos de carne";"PR";"PONTA GROSSA"
"17453575000162";"ICBC DO BRASIL BANCO MULTIPLO S.A.";"ICBC BRASIL";202100000;"R$ 202,1M";"ATIVA";"6422100";"Bancos múltiplos, com carteira comercial";"SP";"SAO PAULO"
"37241230000152";"SUMUP SOCIEDADE DE CREDITO DIRETO S.A.";"";201742670;"R$ 201,7M";"ATIVA";"6436100";"Sociedades de crédito, financiamento e investimento - financeiras";"SP";"SAO PAULO"
"59118133000100";"BANCO LUSO BRASILEIRO S/A";"";201476830;"R$ 201,5M";"ATIVA";"6422100";"Bancos múltiplos, com carteira comercial";"SP";"SAO PAULO"
"10571175000102";"URBA DESENVOLVIMENTO URBANO S.A.";"";198531220;"R$ 198,5M";"ATIVA";"6810203";"Loteamento de imóveis próprios";"MG";"BELO HORIZONTE"
"02536066000126";"VITAL ENGENHARIA AMBIENTAL S.A.";"";196203420;"R$ 196,2M";"ATIVA";"3811400";"Coleta de resíduos não-perigosos";"RJ";"RIO DE JANEIRO"
"24313102000125";"99PAY INSTITUICAO DE PAGAMENTO S.A";"";195012260;"R$ 195,0M";"ATIVA";"7740300";"Gestão de ativos intangíveis não-financeiros";"SP";"SAO PAULO"
"45246410000155";"BANCO GENIAL S.A.";"";194795870;"R$ 194,8M";"ATIVA";"6422100";"Bancos múltiplos, com carteira comercial";"RJ";"RIO DE JANEIRO"
"87043832000173";"SEIVA SA FLORESTAS E INDUSTRIAS";"";194593580;"R$ 194,6M";"ATIVA";"6463800";"Outras sociedades de participação, exceto holdings";"SP";"SAO PAULO"
"07679404000100";"BANCO TOPAZIO S.A.";"BANCO TOPAZIO";192291980;"R$ 192,3M";"ATIVA";"6422100";"Bancos múltiplos, com carteira comercial";"RS";"PORTO ALEGRE"
"02258422000197";"INEPAR EQUIPAMENTOS E MONTAGENS S/A - EM RECUPERACAO JUDICIAL";"";191422960;"R$ 191,4M";"ATIVA";"2829199";"Fabricação de outras máquinas e equipamentos de uso geral não especificados anteriormente, peças e acessórios";"PR";"CURITIBA"
"81723108000104";"CREDICOAMO CREDITO RURAL COOPERATIVA";"CREDICOAMO";188321390;"R$ 188,3M";"ATIVA";"6424704";"Cooperativas de crédito rural";"PR";"CAMPO MOURAO"
"19468242000132";"IFOOD PAGO INSTITUICAO DE PAGAMENTO S.A.";"";179077380;"R$ 179,1M";"ATIVA";"6619399";"Outras atividades auxiliares dos serviços financeiros não especificadas anteriormente";"SP";"OSASCO"
"24230275000180";"PLANO & PLANO DESENVOLVIMENTO IMOBILIARIO S.A";"";175228050;"R$ 175,2M";"ATIVA";"6462000";"Holdings de instituições não-financeiras";"SP";"SAO PAULO"
"35523352000106";"BEES INSTITUICAO DE PAGAMENTO LTDA.";"BEES BANK";172984510;"R$ 173,0M";"ATIVA";"6630400";"Atividades de administração de fundos por contrato ou comissão";"SP";"SAO PAULO"
"61065298000102";"MANGELS INDUSTRIAL S.A.";"";171273000;"R$ 171,3M";"ATIVA";"2949299";"Fabricação de outras peças e acessórios para veículos automotores não especificadas anteriormente";"SP";"SAO BERNARDO DO CAMPO"
"27967244000102";"TAPAJOS TRANSMISSORA DE ENERGIA SA";"";171170610;"R$ 171,2M";"ATIVA";"3512300";"Transmissão de energia elétrica";"RJ";"RIO DE JANEIRO"
"10502676000137";"TERMELETRICA PERNAMBUCO III S.A.";"";171047760;"R$ 171,0M";"ATIVA";"3511501";"Geração de energia elétrica";"PE";"IGARASSU"
"22163297000149";"CONCESSIONARIA PONTE RIO-NITEROI S.A. - ECOPONTE";"ECOVIAS PONTE";169917950;"R$ 169,9M";"ATIVA";"5221400";"Concessionárias de rodovias, pontes, túneis e servi��os relacionados";"RJ";"NITEROI"
"50489148000100";"MONTE BRAVO CORRETORA DE TITULOS E VALORES MOBILIARIOS S.A";"";169500000;"R$ 169,5M";"ATIVA";"6612601";"Corretoras de títulos e valores mobiliários";"SP";"SAO PAULO"
"08078847000109";"LPS BRASIL - CONSULTORIA DE IMOVEIS S/A.";"";169187890;"R$ 169,2M";"ATIVA";"6821801";"Corretagem na compra e venda e avaliação de imóveis";"SP";"SAO PAULO"
"07823262000103";"FOZ DO RIO CLARO ENERGIA S.A.";"";168270000;"R$ 168,3M";"ATIVA";"3511501";"Geração de energia elétrica";"SP";"SAO PAULO"
"12392983000138";"MIRAE ASSET (BRASIL) CORRETORA DE CAMBIO, TITULOS E VALORES MOBILIARIOS LTDA.";"";165898740;"R$ 165,9M";"ATIVA";"6612601";"Corretoras de títulos e valores mobiliários";"SP";"SAO PAULO"
"00556603000174";"BANCO BARI DE INVESTIMENTOS E FINANCIAMENTOS S.A.";"";165000000;"R$ 165,0M";"ATIVA";"6422100";"Bancos múltiplos, com carteira comercial";"PR";"CURITIBA"
"10398952000169";"CONFEDERACAO NACIONAL DAS COOPERATIVAS CENTRAIS DE CREDITO E ECONOMIA FAMILIAR E SOLIDARIA - CRESOL CONFEDERACAO";"CRESOL CONFEDERACAO";163553380;"R$ 163,6M";"ATIVA";"6424702";"Cooperativas centrais de crédito";"PR";"FRANCISCO BELTRAO"
"61022042000118";"CONSTRUTORA ADOLPHO LINDENBERG S/A";"CAL S/A";156104220;"R$ 156,1M";"ATIVA";"4120400";"Construção de edifícios";"SP";"SAO PAULO"
"60730348000166";"COMPANHIA MELHORAMENTOS DE SAO PAULO";"MELHORAMENTOS";153718780;"R$ 153,7M";"ATIVA";"6462000";"Holdings de instituições não-financeiras";"SP";"SAO PAULO"
"17245234000100";"CIA DE FIACAO E TECIDOS CEDRO E CACHOEIRA";"";151350000;"R$ 151,4M";"ATIVA";"8211300";"Serviços combinados de escritório e apoio administrativo";"MG";"BELO HORIZONTE"
"13059145000100";"EBURY BANCO DE CAMBIO S.A.";"EBURY BANK";150108740;"R$ 150,1M";"ATIVA";"6438701";"Bancos de câmbio";"SP";"SAO PAULO"
"11760553000169";"GAZINCRED S.A. SOCIEDADE DE CREDITO, FINANCIAMENTO E INVESTIMENTO";"GAZINBANK";149800000;"R$ 149,8M";"ATIVA";"6436100";"Sociedades de crédito, financiamento e investimento - financeiras";"PR";"DOURADINA"
"07682638000107";"CONCESSIONARIA DA LINHA 4 DO METRO DE SAO PAULO S.A";"";149607140;"R$ 149,6M";"ATIVA";"4912403";"Transporte metroviário";"SP";"SAO PAULO"
"90441460000148";"UNICASA INDUSTRIA DE MOVEIS S/A";"UNICASA";147000000;"R$ 147,0M";"ATIVA";"3101200";"Fabricação de móveis com predominância de madeira";"RS";"BENTO GONCALVES"
"26845702000160";"BELEM TRANSMISSORA DE ENERGIA S.A.";"BELEM TRANSMISSORA DE ENERGIA S.A.";146857120;"R$ 146,9M";"ATIVA";"3512300";"Transmissão de energia elétrica";"RJ";"RIO DE JANEIRO"
"11970623000103";"BANCO SENFF S.A.";"BANCO SENFF";146823680;"R$ 146,8M";"ATIVA";"6422100";"Bancos múltiplos, com carteira comercial";"PR";"CURITIBA"
"31680151000161";"SWAP INSTITUICAO DE PAGAMENTO S.A.";"";145149520;"R$ 145,1M";"ATIVA";"6619399";"Outras atividades auxiliares dos serviços financeiros não especificadas anteriormente";"SP";"SAO PAULO"
"89463822000112";"LUPATECH S.A.";"";144484430;"R$ 144,5M";"ATIVA";"2813500";"Fabricação de válvulas, registros e dispositivos semelhantes, peças e acessórios";"SP";"NOVA ODESSA"
"37702340000174";"AUSTRAVIAS SA";"";143961470;"R$ 144,0M";"ATIVA";"6462000";"Holdings de instituições não-financeiras";"SP";"SAO PAULO"
"15115504000124";"TRONOX PIGMENTOS DO BRASIL SA";"";140000000;"R$ 140,0M";"ATIVA";"2019399";"Fabricação de outros produtos químicos inorgânicos não especificados anteriormente";"BA";"CAMACARI"
"02365069000144";"PADTEC HOLDING S.A.";"";138441630;"R$ 138,4M";"ATIVA";"6462000";"Holdings de instituições não-financeiras";"SP";"CAMPINAS"
"08213823000107";"AURA ALMAS MINERACAO S/A";"";137909170;"R$ 137,9M";"ATIVA";"724301";"Extração de minério de metais preciosos";"TO";"ALMAS"
"35810871000155";"Z1 INSTITUICAO DE PAGAMENTO LTDA";"Z1";136913420;"R$ 136,9M";"ATIVA";"6613400";"Administração de cartões de crédito";"SP";"SAO PAULO"
"20018183000180";"STARK BANK S.A. - INSTITUICAO DE PAGAMENTO";"STARK BANK S.A.";136494380;"R$ 136,5M";"ATIVA";"6619399";"Outras atividades auxiliares dos serviços financeiros não especificadas anteriormente";"SP";"SAO PAULO"
"10319900000150";"REGENERA RIO S.A";"";135000270;"R$ 135,0M";"ATIVA";"3811400";"Coleta de resíduos não-perigosos";"RJ";"RIO DE JANEIRO"
"32062580000138";"BANCO UBS (BRASIL) S.A.";"";135000000;"R$ 135,0M";"ATIVA";"6422100";"Bancos múltiplos, com carteira comercial";"SP";"SAO PAULO"
"04065053000141";"BRZ EMPREENDIMENTOS E CONSTRUCOES S/A";"";135000000;"R$ 135,0M";"ATIVA";"4110700";"Incorporação de empreendimentos imobiliários";"SP";"CAMPINAS"
"28367479000118";"QUANTUM PARTICIPACOES S.A.";"";134772800;"R$ 134,8M";"ATIVA";"6462000";"Holdings de instituições não-financeiras";"SP";"SAO PAULO"
"09313766000109";"CARUANA S/A - SOCIEDADE DE CREDITO, FINANCIAMENTO E INVESTIMENTO";"";131964300;"R$ 132,0M";"ATIVA";"6436100";"Sociedades de crédito, financiamento e investimento - financeiras";"SP";"SAO PAULO"
"09295063000197";"TECHNOS SA";"";130586580;"R$ 130,6M";"ATIVA";"6462000";"Holdings de instituições não-financeiras";"RJ";"RIO DE JANEIRO"
"03207703000183";"CONCESSIONARIA DE RODOVIAS DO INTERIOR PAULISTA S/A.";"INTERVIAS";129625130;"R$ 129,6M";"ATIVA";"5221400";"Concessionárias de rodovias, pontes, túneis e serviços relacionados";"SP";"ARARAS"
"11703662000144";"BANCO TRAVELEX S.A.";"*******";128233600;"R$ 128,2M";"ATIVA";"6422100";"Bancos múltiplos, com carteira comercial";"SP";"SAO PAULO"
"02318507000113";"BANCO KEB HANA DO BRASIL S.A.";"BANCO KEB HANA DO BRASIL";126351416;"R$ 126,4M";"ATIVA";"6421200";"Bancos comerciais";"SP";"SAO PAULO"
"01548981000179";"INVESTIMENTOS BEMGE S/A";"";123144440;"R$ 123,1M";"ATIVA";"6462000";"Holdings de instituições não-financeiras";"SP";"SAO PAULO"
"07820907000146";"FICA EMPREENDIMENTOS IMOBILIARIOS S.A";"";122649260;"R$ 122,6M";"ATIVA";"4110700";"Incorporação de empreendimentos imobiliários";"SP";"SAO PAULO"
"48851242000115";"CONCESSIONARIA DAS RODOVIAS DO LESTE MS S.A.";"";122000000;"R$ 122,0M";"ATIVA";"5221400";"Concessionárias de rodovias, pontes, túneis e serviços relacionados";"MS";"CHAPADAO DO SUL"
"52841191000118";"REVEE S.A.";"";120115080;"R$ 120,1M";"ATIVA";"6462000";"Holdings de instituições não-financeiras";"SP";"SAO PAULO"
"90076886000140";"MINUPAR PARTICIPACOES SA";"MINUANO";120107800;"R$ 120,1M";"ATIVA";"6462000";"Holdings de instituições não-financeiras";"RS";"LAJEADO"
"00122327000136";"SANTINVEST S/A CREDITO FINANCIAMENTO E INVESTIMENTOS";"SANTINVEST C.F.I";120000000;"R$ 120,0M";"ATIVA";"6436100";"Sociedades de crédito, financiamento e investimento - financeiras";"SC";"FLORIANOPOLIS"
"51742485000120";"EPR VIAS DO CAFE S.A";"";120000000;"R$ 120,0M";"ATIVA";"5221400";"Concessionárias de rodovias, pontes, túneis e serviços relacionados";"MG";"VARGINHA"
"87456562000122";"JOSAPAR JOAQUIM OLIVEIRA SA PARTICIPACOES";"";120000000;"R$ 120,0M";"ATIVA";"6462000";"Holdings de instituições não-financeiras";"RS";"PORTO ALEGRE"
"88613658000110";"PETTENATI SA INDUSTRIA TEXTIL";"";116000000;"R$ 116,0M";"ATIVA";"1412601";"Confecção de peças de vestuário, exceto roupas íntimas e as confeccionadas sob medida";"RS";"CAXIAS DO SUL"
"24921465000143";"BLUEFIT ACADEMIAS DE GINASTICA E PARTICIPACOES S.A.";"";113259430;"R$ 113,3M";"ATIVA";"9313100";"Atividades de condicionamento físico";"SP";"SAO PAULO"
"00795423000145";"BANCO SEMEAR S.A.";"";113068184;"R$ 113,1M";"ATIVA";"6422100";"Bancos múltiplos, com carteira comercial";"MG";"BELO HORIZONTE"
"54403563000150";"BANCO ARBI S/A";"";112633176;"R$ 112,6M";"ATIVA";"6421200";"Bancos comerciais";"RJ";"RIO DE JANEIRO"
"44189447000126";"BANCO DE LA PROVINCIA DE BUENOS AIRES";"";112033224;"R$ 112,0M";"ATIVA";"6421200";"Bancos comerciais";"SP";"SAO PAULO"
"78632767000120";"OURIBANK S.A. BANCO MULTIPLO";"OURIBANK";111000000;"R$ 111,0M";"ATIVA";"6422100";"Bancos múltiplos, com carteira comercial";"SP";"SAO PAULO"
"37715993000198";"ACCREDITO SOCIEDADE DE CREDITO DIRETO S.A.";"";110000000;"R$ 110,0M";"ATIVA";"6619399";"Outras atividades auxiliares dos serviços financeiros não especificadas anteriormente";"SP";"SAO PAULO"
"04972092000122";"GRUPO FARTURA DE HORTIFRUT S.A.";"OBA HORTIFRUTI";109006560;"R$ 109,0M";"ATIVA";"4724500";"Comércio varejista de hortifrutigranjeiros";"SP";"SUMARE"
"49336860000190";"ING ADMINISTRACAO LTDA";"ING BANK";108683680;"R$ 108,7M";"ATIVA";"7020400";"Atividades de consultoria em gestão empresarial, exceto consultoria técnica específica";"SP";"SAO PAULO"
"02685483000130";"CM CAPITAL MARKETS CORRETORA DE CAMBIO, TITULO E VALORES MOBILIARIOS LTDA.";"";107606990;"R$ 107,6M";"ATIVA";"6612601";"Corretoras de títulos e valores mobiliários";"SP";"SAO PAULO"
"27214112000100";"AL5 S.A. SOCIEDADE DE CREDITO, FINANCIAMENTO E INVESTIMENTO";"AL5 AMAGGI";107000000;"R$ 107,0M";"ATIVA";"6436100";"Sociedades de crédito, financiamento e investimento - financeiras";"MT";"CUIABA"
"26982634000180";"TURBI COMPARTILHAMENTO DE VEICULOS S/A";"";106070750;"R$ 106,1M";"ATIVA";"7711000";"Locação de automóveis sem condutor";"SP";"SAO PAULO"
"04212396000191";"VOKE S.A.";"VOKE";105670530;"R$ 105,7M";"ATIVA";"7733100";"Aluguel de máquinas e equipamentos para escritórios";"SP";"SAO PAULO"
"51342763000151";"REVOLUT SOCIEDADE DE CREDITO DIRETO S.A";"";105419720;"R$ 105,4M";"ATIVA";"6436100";"Sociedades de crédito, financiamento e investimento - financeiras";"SP";"SAO PAULO"
"08397078000101";"G S H CORP PARTICIPACOES S.A.";"GSH CORP - MATRIZ";104579350;"R$ 104,6M";"ATIVA";"8640212";"Serviços de hemoterapia";"RJ";"RIO DE JANEIRO"
"05351887000186";"ZEMA CREDITO, FINANCIAMENTO E INVESTIMENTO S/A";"ZEMA FINANCEIRA";102596430;"R$ 102,6M";"ATIVA";"6436100";"Sociedades de crédito, financiamento e investimento - financeiras";"MG";"ARAXA"
"01107327000120";"BBM LOGISTICA S.A";"BBM LOGISTICA S.A";102489380;"R$ 102,5M";"ATIVA";"4930202";"Transporte rodoviário de carga, exceto produtos perigosos e mudanças, intermunicipal, interestadual e internacional";"PR";"SAO JOSE DOS PINHAIS"
"34711571000156";"VITREO DISTRIBUIDORA DE TITULOS E VALORES MOBILIARIOS S.A.";"";102000000;"R$ 102,0M";"ATIVA";"6612602";"Distribuidoras de títulos e valores mobiliários";"SP";"SAO PAULO"
"82640558000104";"KARSTEN S.A.";"";100023980;"R$ 100,0M";"ATIVA";"1351100";"Fabricação de artefatos têxteis para uso doméstico";"SC";"BLUMENAU"
"33588252000132";"BANCO INDUSCRED DE INVESTIMENTO S/A";"";100000310;"R$ 100,0M";"ATIVA";"6432800";"Bancos de investimento";"SP";"SAO PAULO"
"00997185000150";"BANCO B3 S.A.";"";100000000;"R$ 100,0M";"ATIVA";"6421200";"Bancos comerciais";"SP";"SAO PAULO"
"32402502000135";"QI SOCIEDADE DE CREDITO DIRETO S.A.";"";100000000;"R$ 100,0M";"ATIVA";"6499999";"Outras atividades de serviços financeiros não especificadas anteriormente";"SP";"SAO PAULO"
"39908427000128";"STARK SOCIEDADE DE CREDITO DIRETO S.A.";"";100000000;"R$ 100,0M";"ATIVA";"6619399";"Outras atividades auxiliares dos serviços financeiros não especificadas anteriormente";"SP";"SAO PAULO"
"78626983000163";"BANCO VR S/A";"BVR";99738010;"R$ 99,7M";"ATIVA";"6422100";"Bancos múltiplos, com carteira comercial";"SP";"SAO PAULO"
"85778074000106";"METALURGICA RIOSULENSE SA";"RIOSULENSE";99109330;"R$ 99,1M";"ATIVA";"2941700";"Fabricação de peças e acessórios para o sistema motor de veículos automotores";"SC";"RIO DO SUL"
"36583700000101";"QISTA S.A. - CREDITO, FINANCIAMENTO E INVESTIMENTO";"QISTA";99035900;"R$ 99,0M";"ATIVA";"6436100";"Sociedades de crédito, financiamento e investimento - financeiras";"SP";"SAO PAULO"
"03751794000113";"TERRA INVESTIMENTOS DISTRIBUIDORA DE TITULOS E VALORES MOBILIARIOS LTDA";"";92498400;"R$ 92,5M";"ATIVA";"6612602";"Distribuidoras de títulos e valores mobiliários";"SP";"SAO PAULO"
"00974211000125";"LINHA AMARELA S/A - LAMSA";"LAMSA";91953384;"R$ 92,0M";"ATIVA";"5221400";"Concessionárias de rodovias, pontes, túneis e serviços relacionados";"RJ";"RIO DE JANEIRO"
"33959738000130";"MOVA SOCIEDADE DE EMPRESTIMO ENTRE PESSOAS S/A";"";90839380;"R$ 90,8M";"ATIVA";"6619399";"Outras atividades auxiliares dos serviços financeiros não especificadas anteriormente";"SP";"SAO PAULO"
"61182408000116";"BANCO INVESTCRED UNIBANCO S A";"";90000000;"R$ 90,0M";"ATIVA";"6421200";"Bancos comerciais";"SP";"SAO PAULO"
"92660570000126";"TREVISA INVESTIMENTOS SA";"";90000000;"R$ 90,0M";"ATIVA";"6462000";"Holdings de instituições não-financeiras";"RS";"PORTO ALEGRE"
"33042151000161";"BANCO DE LA NACION ARGENTINA";"";88422840;"R$ 88,4M";"ATIVA";"6421200";"Bancos comerciais";"SP";"SAO PAULO"
"00604122000197";"TRIVALE INSTITUICAO DE PAGAMENTO LTDA";"";87867250;"R$ 87,9M";"ATIVA";"8299799";"Outras atividades de serviços prestados principalmente às empresas não especificadas anteriormente";"MG";"UBERLANDIA"
"08262121000113";"ALUBAR METAIS E CABOS S/A";"ALUBAR METAIS E CABOS";87114190;"R$ 87,1M";"ATIVA";"2733300";"Fabricação de fios, cabos e condutores elétricos isolados";"PA";"BARCARENA"
"27157474000106";"AGUAS DE TERESINA SANEAMENTO SPE S.A.";"AGUAS DE TERESINA";86579150;"R$ 86,6M";"ATIVA";"3600601";"Captação, tratamento e distribuição de água";"PI";"TERESINA"
"28811341000166";"BANCO STONEX S.A.";"";86000000;"R$ 86,0M";"ATIVA";"6438701";"Bancos de câmbio";"SP";"SAO PAULO"
"02062747000108";"SUDESTE S.A.";"";85607580;"R$ 85,6M";"ATIVA";"6463800";"Outras sociedades de participação, exceto holdings";"RJ";"RIO DE JANEIRO"
"31001230000107";"CELEO REDES TRANSMISSAO DE ENERGIA S.A";"";85600000;"R$ 85,6M";"ATIVA";"3512300";"Transmissão de energia elétrica";"RJ";"RIO DE JANEIRO"
"13935893000109";"CELCOIN INSTITUICAO DE PAGAMENTO S.A.";"CELCOIN";85126504;"R$ 85,1M";"ATIVA";"6202300";"Desenvolvimento e licenciamento de programas de computador customizáveis";"SP";"BARUERI"
"19307785000178";"BRAZA BANK S.A. BANCO DE CAMBIO";"BRAZA BANK";82350000;"R$ 82,4M";"ATIVA";"6438701";"Bancos de câmbio";"PR";"CURITIBA"
"36864992000142";"MAF DISTRIBUIDORA DE TITULOS E VALORES MOBILIARIOS S.A.";"MAF DTVM";82076170;"R$ 82,1M";"ATIVA";"6612602";"Distribuidoras de títulos e valores mobiliários";"SP";"SAO PAULO"
"34169557000172";"BANCO MERCANTIL DE INVESTIMENTOS SA";"";82028400;"R$ 82,0M";"ATIVA";"6432800";"Bancos de investimento";"MG";"BELO HORIZONTE"
"61384004000105";"AVENUE SECURITIES BANCO DE INVESTIMENTO S.A";"AVENUE INVESTMENT BANK AVENUE BANK";81531360;"R$ 81,5M";"ATIVA";"6432800";"Bancos de investimento";"SP";"SAO PAULO"
"52810883000107";"REVEE MCO S.A.";"";80094180;"R$ 80,1M";"ATIVA";"6462000";"Holdings de instituições não-financeiras";"SP";"SAO PAULO"
"95426862000197";"EXCELSIOR ALIMENTOS SA.";"";77315830;"R$ 77,3M";"ATIVA";"1013901";"Fabricação de produtos de carne";"RS";"SANTA CRUZ DO SUL"
"15357060000133";"BANCO WOORI BANK DO BRASIL S.A.";"WOORI BANK BRASIL";77094000;"R$ 77,1M";"ATIVA";"6422100";"Bancos múltiplos, com carteira comercial";"SP";"SAO PAULO"
"13203354000185";"FITS INSTITUICAO DE PAGAMENTO S.A.";"";75710150;"R$ 75,7M";"ATIVA";"6619399";"Outras atividades auxiliares dos serviços financeiros não especificadas anteriormente";"SP";"SAO PAULO"
"27743642000137";"CONSTRUTORA METROCASA SA";"";75614500;"R$ 75,6M";"ATIVA";"4120400";"Construção de edifícios";"SP";"SAO PAULO"
"33862244000132";"BGC LIQUIDEZ DISTRIBUIDORA DE TITULOS E VALORES MOBILIARIOS LTDA";"";75304750;"R$ 75,3M";"ATIVA";"6612602";"Distribuidoras de títulos e valores mobiliários";"RJ";"RIO DE JANEIRO"
"49288113000123";"KANASTRA FINANCEIRA S.A., CREDITO FINANCIAMENTO E INVESTIMENTO";"KANASTRA SCFI";75000000;"R$ 75,0M";"ATIVA";"6436100";"Sociedades de crédito, financiamento e investimento - financeiras";"MG";"UBERLANDIA"
"03323840000183";"BANCO ALFA S.A.";"";74000000;"R$ 74,0M";"ATIVA";"6421200";"Bancos comerciais";"SP";"SAO PAULO"
"05676026000178";"CREDIARE S/A - CREDITO, FINANCIAMENTO E INVESTIMENTO";"CREDIARE";73772210;"R$ 73,8M";"ATIVA";"6436100";"Sociedades de crédito, financiamento e investimento - financeiras";"RS";"FARROUPILHA"
"48127008000140";"EPR SUL DE MINAS S.A";"";73654030;"R$ 73,7M";"ATIVA";"5221400";"Concessionárias de rodovias, pontes, túneis e serviços relacionados";"MG";"POUSO ALEGRE"
"02357251000153";"LIFEMED INDUSTRIAL DE EQUIPAMENTOS E ARTIGOS MEDICOS E HOSPITALARES S.A.";"";73435890;"R$ 73,4M";"ATIVA";"3250701";"Fabricação de instrumentos não-eletrônicos e utensílios para uso médico, cirúrgico, odontológico e de laboratório";"RS";"PELOTAS"
"19526748000150";"COMPANHIA INDUSTRIAL CATAGUASES";"";73288030;"R$ 73,3M";"ATIVA";"1321900";"Tecelagem de fios de algodão";"MG";"CATAGUASES"
"53720128000196";"CONTA SIMPLES SOCIEDADE DE CREDITO DIRETO S.A.";"";71671380;"R$ 71,7M";"ATIVA";"6499999";"Outras atividades de serviços financeiros não especificadas anteriormente";"SP";"SAO PAULO"
"61374161000130";"BAUMER S A";"";70000000;"R$ 70,0M";"ATIVA";"3250701";"Fabricação de instrumentos não-eletrônicos e utensílios para uso médico, cirúrgico, odontológico e de laboratório";"SP";"MOGI MIRIM"
"00714671000114";"EWALLY INSTITUICAO DE PAGAMENTO S.A";"";68239820;"R$ 68,2M";"ATIVA";"6619399";"Outras atividades auxiliares dos serviços financeiros não especificadas anteriormente";"SP";"SAO PAULO"
"03303999000136";"DTCOM DIRECT TO COMPANY S/A.";"DTCOM";68223100;"R$ 68,2M";"ATIVA";"8599604";"Treinamento em desenvolvimento profissional e gerencial";"PR";"QUATRO BARRAS"
"62287735000103";"WARREN RENA DISTRIBUIDORA DE TITULOS E VALORES MOBILIARIOS LTDA";"RENASCENCA";68000160;"R$ 68,0M";"ATIVA";"6612602";"Distribuidoras de títulos e valores mobiliários";"SP";"SAO PAULO"
"15440708000130";"CONCESSIONARIA VIARIO S.A.";"";67770000;"R$ 67,8M";"ATIVA";"5221400";"Concessionárias de rodovias, pontes, túneis e serviços relacionados";"RJ";"RIO DE JANEIRO"
"07512441000111";"HS FINANCEIRA S/A - CREDITO, FINANCIAMENTO E INVESTIMENTOS";"";67000000;"R$ 67,0M";"ATIVA";"6436100";"Sociedades de crédito, financiamento e investimento - financeiras";"RS";"DOIS IRMAOS"
"39343350000196";"LAR COOPERATIVA DE CREDITO -LAR CREDI";"LAR CREDI";66524350;"R$ 66,5M";"ATIVA";"6424703";"Cooperativas de crédito mútuo";"PR";"MEDIANEIRA"
"04913129000141";"CONFIDENCE SOCIEDADE CORRETORA DE CAMBIO S.A.";"";66000000;"R$ 66,0M";"ATIVA";"6612603";"Corretoras de câmbio";"SP";"SAO PAULO"
"62448932000159";"MULTIPLIKE FINANCEIRA S.A. SOCIEDADE DE CREDITO, FINANCIAMENTO E INVESTIMENTO";"";65000000;"R$ 65,0M";"ATIVA";"6436100";"Sociedades de crédito, financiamento e investimento - financeiras";"SC";"JOINVILLE"
"00411939000149";"FINAMAX S/A CREDITO FINANCIAMENTO E INVESTIMENTO";"";64200000;"R$ 64,2M";"ATIVA";"6436100";"Sociedades de crédito, financiamento e investimento - financeiras";"SP";"JUNDIAI"
"07334600000135";"MARINA DE IRACEMA PARK S A";"";63437372;"R$ 63,4M";"ATIVA";"5510801";"Hotéis";"CE";"FORTALEZA"
"10338320000100";"AFLUENTE TRANSMISSAO DE ENERGIA ELETRICA S.A.";"";63084700;"R$ 63,1M";"ATIVA";"6462000";"Holdings de instituições não-financeiras";"RJ";"RIO DE JANEIRO"
"36113876000191";"OLIVEIRA TRUST DISTRIBUIDORA DE TITULOS E VALORES MOBILIARIOS S.A.";"";63000000;"R$ 63,0M";"ATIVA";"6612602";"Distribuidoras de títulos e valores mobiliários";"RJ";"RIO DE JANEIRO"
"11351086000113";"MERCADO BITCOIN INSTITUICAO DE PAGAMENTO LTDA";"MB PAY";62661540;"R$ 62,7M";"ATIVA";"7490104";"Atividades de intermediação e agenciamento de serviços e negócios em geral, exceto imobiliários";"SP";"SAO PAULO"
"28650236000192";"GALAPAGOS CAPITAL DISTRIBUIDORA DE TITULOS E VALORES MOBILIARIOS S.A.";"GLPG DTVM";62000000;"R$ 62,0M";"ATIVA";"6612602";"Distribuidoras de títulos e valores mobiliários";"SP";"SAO PAULO"
"68757681000170";"SIM PAUL CORRETORA DE CAMBIO E VALORES MOBILIARIOS S.A.";"";61800000;"R$ 61,8M";"ATIVA";"6612601";"Corretoras de títulos e valores mobiliários";"SP";"SAO PAULO"
"48632754000190";"CELCOIN SOCIEDADE DE CREDITO DIRETO S.A";"";61515320;"R$ 61,5M";"ATIVA";"6438799";"Outras instituições de intermediação não-monetária não especificadas anteriormente";"SP";"BARUERI"
"00938574000105";"CONCESSIONARIA RIO TERESOPOLIS S A";"";57900000;"R$ 57,9M";"ATIVA";"5221400";"Concessionárias de rodovias, pontes, túneis e serviços relacionados";"RJ";"RIO DE JANEIRO"
"00806535000154";"PLANNER CORRETORA DE VALORES S/A";"PLANNER";57840064;"R$ 57,8M";"ATIVA";"6612601";"Corretoras de títulos e valores mobiliários";"SP";"SAO PAULO"
"29980141000108";"OCEANICA ENGENHARIA E CONSULTORIA S.A.";"";57670548;"R$ 57,7M";"ATIVA";"7112000";"Serviços de engenharia";"RJ";"RIO DE JANEIRO"
"36542025000164";"BRQ SOLUCOES EM INFORMATICA S.A";"";56283890;"R$ 56,3M";"ATIVA";"6201501";"Desenvolvimento de programas de computador sob encomenda";"SP";"BARUERI"
"43283811000150";"KALUNGA SA";"";56127256;"R$ 56,1M";"ATIVA";"4761003";"Comércio varejista de artigos de papelaria";"SP";"SAO PAULO"
"08795211000170";"MAESTRO LOCADORA DE VEICULOS S.A.";"MAESTRO TERCEIRIZACAO DE FROTAS";55500630;"R$ 55,5M";"ATIVA";"7711000";"Locação de automóveis sem condutor";"SP";"SAO PAULO"
"54647259000158";"321 SOCIEDADE DE CREDITO DIRETO S.A.";"321BANK";55000000;"R$ 55,0M";"ATIVA";"6499999";"Outras atividades de serviços financeiros não especificadas anteriormente";"RS";"PORTO ALEGRE"
"16234171000115";"METANOR S A METANOL DO NORDESTE";"";54771070;"R$ 54,8M";"ATIVA";"2099199";"Fabricação de outros produtos químicos não especificados anteriormente";"BA";"CAMACARI"
"14807945000124";"SANSUY S/A INDUSTRIA DE PLASTICOS";"SANSUY DO NORDESTE";54625000;"R$ 54,6M";"ATIVA";"1354500";"Fabricação de tecidos especiais, inclusive artefatos";"BA";"CAMACARI"
"62285390000140";"QI CORRETORA DE TITULOS E VALORES MOBILIARIOS S.A.";"";52217212;"R$ 52,2M";"ATIVA";"6612601";"Corretoras de títulos e valores mobiliários";"SP";"SAO PAULO"
"20757199000104";"PAY4FUN INSTITUICAO DE PAGAMENTO S.A.";"PAY4FUN";51996116;"R$ 52,0M";"ATIVA";"6619399";"Outras atividades auxiliares dos serviços financeiros não especificadas anteriormente";"SP";"SAO PAULO"
"13720915000113";"BANCO WESTERN UNION DO BRASIL S.A.";"";51402428;"R$ 51,4M";"ATIVA";"6421200";"Bancos comerciais";"SP";"SAO PAULO"
"61723847000199";"NEON CORRETORA DE TITULOS E VALORES MOBILIARIOS SA";"";50967880;"R$ 51,0M";"ATIVA";"6612601";"Corretoras de títulos e valores mobiliários";"SP";"SAO PAULO"
"09359927000197";"ASA BRANCA HOLDING S.A.";"";50222132;"R$ 50,2M";"ATIVA";"6462000";"Holdings de instituições não-financeiras";"SP";"SAO PAULO"
"61747085000160";"TULLETT PREBON BRASIL CORRETORA DE VALORES E CAMBIO LTDA.";"TULLETT PREBON BRASIL, TULLETT PREBON E TULLETT BRASIL";49609124;"R$ 49,6M";"ATIVA";"6612601";"Corretoras de títulos e valores mobiliários";"SP";"SAO PAULO"
"21526148000134";"MAIS MU COMERCIO DE ALIMENTOS E BEBIDAS S.A";"MAIS MU";48818356;"R$ 48,8M";"ATIVA";"4729699";"Comércio varejista de produtos alimentícios em geral ou especializado em produtos alimentícios não especificados anteriormente";"SP";"SAO PAULO"
"09089356000118";"EFI S.A. - INSTITUICAO DE PAGAMENTO";"EFI";48226636;"R$ 48,2M";"ATIVA";"6619399";"Outras atividades auxiliares dos serviços financeiros não especificadas anteriormente";"MG";"OURO PRETO"
"51128999000190";"NUTRIPLANT INDUSTRIA E COMERCIO S/A";"";47029910;"R$ 47,0M";"ATIVA";"2019399";"Fabricação de outros produtos químicos inorgânicos não especificados anteriormente";"SP";"BARUERI"
"18520834000193";"UBS BB BANCO DE INVESTIMENTO S.A.";"";46200000;"R$ 46,2M";"ATIVA";"6432800";"Bancos de investimento";"SP";"SAO PAULO"
"36947229000185";"COBUCCIO S/A SOCIEDADE DE CREDITO, FINANCIAMENTO E INVESTIMENTOS";"AGIL";45400000;"R$ 45,4M";"ATIVA";"6436100";"Sociedades de crédito, financiamento e investimento - financeiras";"MG";"MONTE BELO"
"14511781000193";"BARI COMPANHIA HIPOTECARIA";"CIA HIPOTECARI";45000000;"R$ 45,0M";"ATIVA";"6435203";"Companhias hipotecárias";"PR";"CURITIBA"
"88610191000154";"MUNDIAL S.A. - PRODUTOS DE CONSUMO";"";43794104;"R$ 43,8M";"ATIVA";"3299005";"Fabricação de aviamentos para costura";"SP";"SAO PAULO"
"33775974000104";"ATIVA INVESTIMENTOS S/A CORRETORA DE TITULOS, CAMBIO E VALORES";"ATIVA INVESTIMENTOS";43186644;"R$ 43,2M";"ATIVA";"6612601";"Corretoras de títulos e valores mobiliários";"RJ";"RIO DE JANEIRO"
"53908413000135";"KIWIFY INSTITUICAO DE PAGAMENTO LTDA";"";42500000;"R$ 42,5M";"ATIVA";"7490104";"Atividades de intermediação e agenciamento de serviços e negócios em geral, exceto imobiliários";"SC";"BALNEARIO CAMBORIU"
"53505601000112";"STONE SOCIEDADE DE CREDITO, FINANCIAMENTO E INVESTIMENTO S.A";"";40000000;"R$ 40,0M";"ATIVA";"6436100";"Sociedades de crédito, financiamento e investimento - financeiras";"SP";"SAO PAULO"
"42278473000103";"WIZ CO PARTICIPACOES E CORRETAGEM DE SEGUROS S.A";"WIZ SOLUCOES E CORRETAGEM DE SEGUROS S.A";40000000;"R$ 40,0M";"ATIVA";"6622300";"Corretores e agentes de seguros, de planos de previdência complementar e de saúde";"DF";"BRASILIA"
"38199406000118";"RIO ALTO ENERGIAS RENOVAVEIS SA";"";39052000;"R$ 39,1M";"ATIVA";"6462000";"Holdings de instituições não-financeiras";"SP";"SAO PAULO"
"54024532000198";"MAX INSTITUICAO DE PAGAMENTO LTDA";"";38712572;"R$ 38,7M";"ATIVA";"6619399";"Outras atividades auxiliares dos serviços financeiros não especificadas anteriormente";"RS";"PORTO ALEGRE"
"05192316000146";"VIA CERTA FINANCIADORA S/A - CREDITO, FINANCIAMENTO E INVESTIMENTO";"VIA CERTA FINANCIADORA S/A";38287950;"R$ 38,3M";"ATIVA";"6436100";"Sociedades de crédito, financiamento e investimento - financeiras";"RS";"SANTO CRISTO"
"07799277000175";"VALOR S/A SOCIEDADE DE CREDITO FINANCIAMENTO E INVESTIMENTO";"VALOR FINANCIAMENTOS";38000000;"R$ 38,0M";"ATIVA";"6436100";"Sociedades de crédito, financiamento e investimento - financeiras";"SP";"SAO PAULO"
"08253539000164";"COOPERATIVA DE CREDITO SULCREDI AMPLEA";"SULCREDI AMPLEA";37957692;"R$ 38,0M";"ATIVA";"6424704";"Cooperativas de crédito rural";"SC";"SAO MIGUEL DO OESTE"
"92875780000131";"WARREN CORRETORA DE VALORES MOBILIARIOS E CAMBIO LTDA.";"";37799800;"R$ 37,8M";"ATIVA";"6612601";"Corretoras de títulos e valores mobiliários";"RS";"PORTO ALEGRE"
"35791391000194";"QUALITY SOFTWARE S/A";"";37605710;"R$ 37,6M";"ATIVA";"6209100";"Suporte técnico, manutenção e outros serviços em tecnologia da informação";"RJ";"RIO DE JANEIRO"
"18282093000150";"OXY COMPANHIA HIPOTECARIA S.A.";"";37500000;"R$ 37,5M";"ATIVA";"6435203";"Companhias hipotecárias";"RS";"PORTO ALEGRE"
"09112685000132";"OSX BRASIL SA EM RECUPERACAO JUDICIAL";"";35263600;"R$ 35,3M";"ATIVA";"6463800";"Outras sociedades de participação, exceto holdings";"RJ";"RIO DE JANEIRO"
"11581339000145";"BMP SOCIEDADE DE CREDITO AO MICROEMPREENDEDOR E A EMPRESA DE PEQUENO PORTE LTDA";"BMP";35000000;"R$ 35,0M";"ATIVA";"6437900";"Sociedades de crédito ao microempreendedor";"SP";"SAO PAULO"
"34337707000100";"BMP SOCIEDADE DE CREDITO DIRETO S.A";"BMP";35000000;"R$ 35,0M";"ATIVA";"6499999";"Outras atividades de serviços financeiros não especificadas anteriormente";"SP";"SAO PAULO"
"20308187000100";"AVANCARD PROVER INSTITUICAO DE PAGAMENTO LTDA";"AVANCARD";35000000;"R$ 35,0M";"ATIVA";"6619399";"Outras atividades auxiliares dos serviços financeiros não especificadas anteriormente";"AM";"MANAUS"
"49703913000163";"PLATAO CAPITAL S.A.";"";34499000;"R$ 34,5M";"ATIVA";"6461100";"Holdings de instituições financeiras";"SP";"SAO PAULO"
"33386210000119";"SONDOTECNICA ENGENHARIA DE SOLOS S A";"";34200000;"R$ 34,2M";"ATIVA";"7112000";"Serviços de engenharia";"RJ";"RIO DE JANEIRO"
"42331462000131";"EMBPAR PARTICIPACOES S/A";"";33660120;"R$ 33,7M";"ATIVA";"6462000";"Holdings de instituições não-financeiras";"SC";"RIO NEGRINHO"
"04257795000179";"NOVA FUTURA CORRETORA DE TITULOS E VALORES MOBILIARIOS LTDA.";"NOVA FUTURA INVESTIMENTOS";33194298;"R$ 33,2M";"ATIVA";"6612601";"Corretoras de títulos e valores mobiliários";"SP";"SAO PAULO"
"15173776000180";"SOCIAL BANK BANCO MULTIPLO S.A.";"";32940282;"R$ 32,9M";"ATIVA";"6422100";"Bancos múltiplos, com carteira comercial";"BA";"SALVADOR"
"39696395000144";"CACTVS INSTITUICAO DE PAGAMENTO S.A";"CACTVS";32660892;"R$ 32,7M";"ATIVA";"6619305";"Operadoras de cartões de débito";"SP";"SAO PAULO"
"47873449000128";"SER FINANCE SOCIEDADE DE CREDITO DIRETO SA";"B.UNI";32000000;"R$ 32,0M";"ATIVA";"6499999";"Outras atividades de serviços financeiros não especificadas anteriormente";"PE";"RECIFE"
"32648370000126";"FAIR SOCIEDADE CORRETORA DE CAMBIO SA";"FAIR";30703810;"R$ 30,7M";"ATIVA";"6612603";"Corretoras de câmbio";"SP";"SAO PAULO"
"39587424000130";"UY3 SOCIEDADE DE CREDITO DIRETO S/A";"UY3";30630002;"R$ 30,6M";"ATIVA";"6619399";"Outras atividades auxiliares dos serviços financeiros não especificadas anteriormente";"RS";"PORTO ALEGRE"
"09512542000118";"CODEPE CORRETORA DE VALORES E CAMBIO S.A.";"CODEPE S/A.";30500000;"R$ 30,5M";"ATIVA";"6612601";"Corretoras de títulos e valores mobiliários";"SP";"BARUERI"
"32192325000100";"UZZIPAY INSTITUICAO DE PAGAMENTO S.A.";"UZZIPAY";30000000;"R$ 30,0M";"ATIVA";"6613400";"Administração de cartões de crédito";"RO";"PORTO VELHO"
"12473687000161";"CONTA PRONTA INSTITUICAO DE PAGAMENTO LTDA";"CONTA PRONTA";30000000;"R$ 30,0M";"ATIVA";"6619399";"Outras atividades auxiliares dos serviços financeiros não especificadas anteriormente";"SP";"BARUERI"
"35479592000150";"DUFRIO FINANCEIRA, CREDITO, FINANCIAMENTO E INVESTIMENTOS S.A.";"";30000000;"R$ 30,0M";"ATIVA";"6436100";"Sociedades de crédito, financiamento e investimento - financeiras";"RS";"PORTO ALEGRE"
"08574411000100";"PRATICA PRODUTOS S.A.";"";29068288;"R$ 29,1M";"ATIVA";"2821602";"Fabricação de estufas e fornos elétricos para fins industriais, peças e acessórios";"MG";"POUSO ALEGRE"
"12102128000145";"SAFETYPAY BRASIL INSTITUICAO DE PAGAMENTO LTDA";"SAFETYPAY BRASIL";29000000;"R$ 29,0M";"ATIVA";"7490104";"Atividades de intermediação e agenciamento de serviços e negócios em geral, exceto imobiliários";"SP";"BARUERI"
"08673569000120";"F.D'GOLD - DISTRIBUIDORA DE TITULOS E VALORES MOBILIARIOS LTDA";"D'GOLD";28861478;"R$ 28,9M";"ATIVA";"6612602";"Distribuidoras de títulos e valores mobiliários";"SP";"SAO PAULO"
"39664698000185";"CREDSYSTEM SOCIEDADE DE CREDITO DIRETO S.A";"";28569582;"R$ 28,6M";"ATIVA";"6499999";"Outras atividades de serviços financeiros não especificadas anteriormente";"SP";"BARUERI"
"44663846000187";"FESTOR INSTITUICAO DE PAGAMENTO LTDA";"";28401400;"R$ 28,4M";"ATIVA";"6619399";"Outras atividades auxiliares dos serviços financeiros não especificadas anteriormente";"SP";"SAO PAULO"
"02992317000187";"INTEX BANK BANCO DE CAMBIO S.A.";"";27928468;"R$ 27,9M";"ATIVA";"6438701";"Bancos de câmbio";"SP";"SAO PAULO"
"30980539000115";"OKTO INSTITUICAO DE PAGAMENTO S.A";"OKTO INSTITUICAO DE PAGAMENTO";27676250;"R$ 27,7M";"ATIVA";"6619399";"Outras atividades auxiliares dos serviços financeiros não especificadas anteriormente";"SP";"SAO PAULO"
"40276692000110";"PROTEGE CASH INSTITUICAO DE PAGAMENTO S.A";"";27550000;"R$ 27,6M";"ATIVA";"6619399";"Outras atividades auxiliares dos serviços financeiros não especificadas anteriormente";"SP";"SAO PAULO"
"38320462000169";"V3 INSTITUICAO DE PAGAMENTO S.A";"RINGGO";27279590;"R$ 27,3M";"ATIVA";"6499999";"Outras atividades de serviços financeiros não especificadas anteriormente";"CE";"EUSEBIO"
"17159005000164";"FIACAO E TECELAGEM SAO JOSE S/A - EM RECUPERACAO JUDICIAL";"";27038140;"R$ 27,0M";"ATIVA";"1340501";"Estamparia e texturização em fios, tecidos, artefatos têxteis e peças do vestuário";"PE";"RECIFE"
"35551187000104";"PLANTAE S.A - CREDITO, FINANCIAMENTO E INVESTIMENTO";"";27000000;"R$ 27,0M";"ATIVA";"6436100";"Sociedades de crédito, financiamento e investimento - financeiras";"SP";"PRESIDENTE PRUDENTE"
"36321990000107";"AGORACRED S/A SOCIEDADE DE CREDITO, FINANCIAMENTO E INVESTIMENTO";"";27000000;"R$ 27,0M";"ATIVA";"6436100";"Sociedades de crédito, financiamento e investimento - financeiras";"ES";"VITORIA"
"21995256000156";"MAG INSTITUICAO DE PAGAMENTO LTDA.";"MAG FINANCAS";26635000;"R$ 26,6M";"ATIVA";"8291100";"Atividades de cobranças e informações cadastrais";"RJ";"RIO DE JANEIRO"
"25104230000121";"PAGARE INSTITUICAO DE PAGAMENTO S.A";"";26472256;"R$ 26,5M";"ATIVA";"6201501";"Desenvolvimento de programas de computador sob encomenda";"SP";"SAO PAULO"
"37229413000152";"SOCIEDADE DE CREDITO, FINANCIAMENTO E INVESTIMENTO EFI S.A.";"EFI";26049688;"R$ 26,0M";"ATIVA";"6436100";"Sociedades de crédito, financiamento e investimento - financeiras";"MG";"OURO PRETO"
"32997490000139";"CREDITAS SOCIEDADE DE CREDITO DIRETO S.A.";"";26000000;"R$ 26,0M";"ATIVA";"6619399";"Outras atividades auxiliares dos serviços financeiros não especificadas anteriormente";"SP";"SAO PAULO"
"20155248000139";"UNIDA DISTRIBUIDORA DE TITULOS E VALORES MOBILIARIOS LTDA";"";25000000;"R$ 25,0M";"ATIVA";"6612602";"Distribuidoras de títulos e valores mobiliários";"SP";"BARUERI"
"11495073000118";"OM DISTRIBUIDORA DE TITULOS E VALORES MOBILIARIOS LTDA.";"OUROMINAS";25000000;"R$ 25,0M";"ATIVA";"6612602";"Distribuidoras de títulos e valores mobiliários";"SP";"SAO PAULO"
"73622748000108";"BT CORRETORA DE CAMBIO LTDA";"B&T CORRETORA DE CAMBIO LTDA";24996600;"R$ 25,0M";"ATIVA";"6612603";"Corretoras de câmbio";"SP";"SAO PAULO"
"32343119000153";"MENTORE INSTITUICAO DE PAGAMENTO S/A";"MENTORE";24083892;"R$ 24,1M";"ATIVA";"6619399";"Outras atividades auxiliares dos serviços financeiros não especificadas anteriormente";"CE";"FORTALEZA"
"18684408000195";"AZIMUT BRASIL DISTRIBUIDORA DE TITULOS E VALORES MOBILIARIOS LTDA";"AZIMUT BRASIL DTVM LTDA";24042000;"R$ 24,0M";"ATIVA";"6612602";"Distribuidoras de títulos e valores mobiliários";"SP";"SAO PAULO"
"17079937000105";"PINBANK BRASIL INSTITUICAO DE PAGAMENTO S.A.";"PINBANK BRASIL";23579654;"R$ 23,6M";"ATIVA";"8299799";"Outras atividades de serviços prestados principalmente às empresas não especificadas anteriormente";"SP";"SAO PAULO"
"93828986000173";"CEMEPE INVESTIMENTOS SA";"";23550366;"R$ 23,6M";"ATIVA";"6463800";"Outras sociedades de participação, exceto holdings";"RJ";"RIO DE JANEIRO"
"87963450000168";"NIKOS DISTRIBUIDORA DE TITULOS E VALORES MOBILIARIOS LTDA";"";23223000;"R$ 23,2M";"ATIVA";"6612602";"Distribuidoras de títulos e valores mobiliários";"RJ";"RIO DE JANEIRO"
"03816413000137";"PAGUEVELOZ INSTITUICAO DE PAGAMENTO LTDA";"PAGUEVELOZ";22800000;"R$ 22,8M";"ATIVA";"8291100";"Atividades de cobranças e informações cadastrais";"SC";"BLUMENAU"
"53842122000191";"URBANO S.A. SOCIEDADE DE CREDITO, FINANCIAMENTO E INVESTIMENTO";"URBANO FINANCEIRA";22601032;"R$ 22,6M";"ATIVA";"6436100";"Sociedades de crédito, financiamento e investimento - financeiras";"SP";"BARUERI"
"07802794000156";"ESSENTIA PCHS S.A";"";22000000;"R$ 22,0M";"ATIVA";"6462000";"Holdings de instituições não-financeiras";"SP";"SAO PAULO"
"02591787000139";"CAPITALPART PARTICIPACOES S/A";"";21104374;"R$ 21,1M";"ATIVA";"6462000";"Holdings de instituições não-financeiras";"SP";"SAO PAULO"
"21748188000120";"TERP GLBL BRASIL I PARTICIPACOES S.A.";"";21000000;"R$ 21,0M";"ATIVA";"6462000";"Holdings de instituições não-financeiras";"RJ";"RIO DE JANEIRO"
"80271455000180";"BANCO RNX S.A";"RNX BANCO";20524638;"R$ 20,5M";"ATIVA";"6431000";"Bancos múltiplos, sem carteira comercial";"PR";"CURITIBA"
"38224857000168";"DELFINANCE SOCIEDADE DE CREDITO DIRETO S.A.";"DELFINANCE";20000000;"R$ 20,0M";"ATIVA";"6499999";"Outras atividades de serviços financeiros não especificadas anteriormente";"SE";"ARACAJU"
"06249129000114";"RPW S/A SOCIEDADE DE CREDITO, FINANCIAMENTO E INVESTIMENTO";"EMPRESTA CAPITAL";20000000;"R$ 20,0M";"ATIVA";"6436100";"Sociedades de crédito, financiamento e investimento - financeiras";"SP";"SAO PAULO"
"56392166000155";"HARMOS S.A. - SOCIEDADE DE CREDITO, FINANCIAMENTO E INVESTIMENTO";"HARMOS SOLUCOES FINANCEIRAS";20000000;"R$ 20,0M";"ATIVA";"6436100";"Sociedades de crédito, financiamento e investimento - financeiras";"SP";"SAO PAULO"
"20443996000117";"BECKER FINANCEIRA S.A CREDITO, FINANCIAMENTO E INVESTIMENTO";"FINANCEIRA BECKER";20000000;"R$ 20,0M";"ATIVA";"6436100";"Sociedades de crédito, financiamento e investimento - financeiras";"RS";"CERRO LARGO"
"05336882000184";"CACHOEIRA PAULISTA TRANSMISSORA DE ENERGIA S.A.";"";20000000;"R$ 20,0M";"ATIVA";"3512300";"Transmissão de energia elétrica";"RJ";"RIO DE JANEIRO"
